613,662
1819,65
419,99
78,308
1415,616
75,72
1362,22
307,86
25,43
96,277
122,21
140,24
1036,546
46,74
131,206
259,268
1237,1
508,312
215,483
259,43
216,189
1044,157
104,156
5,85
352,88
171,16
331,144
291,36
135,487
44,497
299,551
243,13
1389,443
296,328
188,276
34,256
118,364
195,829
754,48
249,134
1133,95
219,14
42,191
733,23
14,67
32,383
530,308
103,3
75,241
54,155
637,709
3,42
322,491
275,87
372,164
77,179
257,910
924,287
49,556
204,109
595,62
662,426
13,34
452,32
1021,408
814,843
541,172
473,758
286,293
1031,262
253,533
1706,24
123,88
1297,128
71,126
57,101
406,66
363,1646
349,39
146,124
784,120
218,30
256,394
684,85
64,1044
241,1235
371,439
273,403
606,358
275,33
1809,142
985,215
174,105
244,220
351,297
787,1138
328,128
203,45
221,55
418,171
1395,1365
505,686
608,17
1036,595
911,70
550,152
835,360
919,562
473,54
272,16
561,115
146,119
439,106
376,56
157,86
144,6
841,496
267,62
956,141
16,57
30,473
851,149
55,388
982,73
641,435
776,88
169,262
1259,170
274,65
328,191
474,128
34,25
535,773
88,12
331,24
117,822
805,641
85,5
722,174
644,439
1122,298
255,412
286,162
445,179
257,81
501,42
943,320
292,89
103,45
144,188
215,206
1574,227
1394,159
9,88
44,132
1274,26
358,233
458,578
917,360
360,73
514,642
221,45
220,159
393,334
367,399
64,279
2524,824
161,238
68,82
106,410
759,119
1628,142
1545,58
215,26
148,116
707,281
624,130
1635,882
379,514
957,20
556,421
387,487
362,325
122,110
861,132
84,50
174,200
300,98
1851,640
226,120
88,491
15,87
35,374
765,74
110,450
626,303
1074,1434
20,183
197,481
1483,270
410,188
492,212
317,98
202,189
566,172
150,900
301,144
96,8
551,81
1044,56
9,300
563,8
1277,254
360,54
462,372
297,176
743,330
498,234
121,512
120,36
165,146
209,306
35,117
117,225
1084,156
68,9
108,190
761,54
521,91
487,35
909,7
767,18
243,20
323,28
387,535
150,165
947,396
39,693
132,310
76,311
154,127
275,178
1714,19
97,288
67,72
618,83
148,61
751,21
431,34
874,1151
245,37
9,601
304,292
438,429
486,167
78,100
842,270
191,36
110,307
132,53
1778,190
148,27
22,295
38,208
117,398
500,34
152,658
660,274
811,1296
542,492
338,412
992,592
277,29
487,0
279,92
122,79
187,364
103,881
4,101
1691,34
618,101
753,48
509,381
1492,1
840,3
189,384
458,50
191,254
524,230
134,23
239,369
109,254
90,115
223,212
152,177
936,167
33,94
17,106
1785,28
622,181
360,83
974,378
281,712
22,864
247,29
157,2
407,370
287,312
335,292
5,182
127,1084
243,62
70,153
264,125
110,929
988,225
225,47
787,94
92,61
648,739
1015,111
1299,547
252,178
18,822
437,47
448,576
440,115
231,139
372,211
184,33
309,357
208,26
919,126
379,69
23,462
42,48
114,45
774,466
157,20
417,201
28,577
607,368
350,307
1512,686
385,91
154,116
333,147
12,180
30,111
1272,81
122,11
143,52
302,62
17,20
443,859
1359,261
1296,37
360,48
308,18
282,513
521,470
363,384
68,39
195,161
273,241
60,123
127,178
787,464
74,18
912,161
57,119
545,73
387,183
966,11
593,991
767,23
366,266
482,84
183,173
100,310
1113,752
534,72
309,38
592,218
160,153
499,171
323,64
195,207
246,87
1123,34
484,157
1391,151
45,41
42,658
1002,299
78,458
1178,157
1498,577
841,120
202,280
789,182
54,79
663,214
100,148
192,32
214,18
334,34
198,47
1324,9
21,28
56,20
818,219
499,518
29,316
394,620
8,183
649,204
201,98
1172,50
342,375
203,118
320,69
28,94
29,83
343,64
228,33
544,104
831,151
822,31
197,247
1446,734
136,416
498,129
768,907
178,70
1814,289
313,425
353,481
74,328
914,1
1194,267
459,97
347,440
584,33
536,164
647,72
119,49
113,138
156,495
77,167
20,13
174,651
19,52
2017,483
1012,572
590,370
21,234
482,270
91,152
25,473
200,247
897,91
413,145
1195,698
607,117
30,316
148,81
497,485
426,346
103,11
684,253
206,522
137,333
104,232
26,384
124,121
62,223
1234,214
144,620
300,164
166,14
752,125
524,72
582,340
294,19
1078,267
240,79
602,992
267,221
169,390
400,351
219,223
1173,764
1210,75
654,176
59,127
550,254
1129,176
979,20
205,285
1745,124
248,123
499,60
185,22
186,1079
60,42
63,41
257,662
165,230
955,423
55,947
2013,349
10,390
1062,225
445,210
912,42
352,356
2823,53
166,102
186,101
356,35
324,48
278,3
15,43
98,749
118,331
48,75
310,367
144,408
933,782
259,19
0,385
104,61
565,203
1216,41
971,334
288,234
29,589
383,41
348,38
423,344
294,13
334,607
240,346
104,997
241,54
991,354
328,100
37,94
1289,412
142,3
626,110
101,98
362,134
68,74
583,486
407,647
953,44
335,500
369,66
2817,191
951,170
171,1
847,293
689,205
1656,125
548,319
1038,221
319,207
426,73
511,128
2,46
1070,207
104,99
199,430
331,13
7,1126
272,43
1380,15
208,440
36,362
523,361
145,153
698,17
527,116
38,182
240,144
7,4
281,252
541,54
451,103
76,77
848,6
151,142
135,698
397,27
49,79
1,165
74,50
89,124
181,158
544,236
6,46
904,384
1197,61
84,161
432,96
404,621
339,25
643,63
309,645
280,42
529,226
250,260
2155,418
411,348
80,992
161,100
42,125
1548,184
359,223
690,89
127,140
413,27
284,78
309,76
597,31
1246,1119
250,279
138,51
842,1246
537,228
4,302
312,300
438,327
366,65
248,191
287,280
168,346
295,200
286,546
433,24
847,225
675,138
52,88
88,226
166,26
1081,591
39,47
1381,332
437,105
869,648
710,349
159,1224
559,89
264,45
244,231
199,174
56,193
732,91
1445,216
1871,109
62,58
385,197
748,8
513,127
618,48
417,841
228,29
226,217
29,629
959,137
852,349
5,155
443,100
463,250
352,185
508,165
563,39
110,41
106,635
362,22
56,41
574,32
35,231
20,656
2089,273
784,1274
150,214
477,302
934,289
776,76
249,434
36,128
1574,78
362,111
972,98
304,78
1151,515
251,462
165,28
235,374
170,81
200,495
116,501
159,149
138,5
656,111
22,305
1036,488
47,563
522,373
612,677
323,313
329,128
1405,580
373,168
255,192
145,129
124,64
90,159
35,583
947,176
1842,19
490,892
77,36
300,608
308,11
1223,469
328,811
865,335
110,181
196,517
221,279
136,214
361,308
94,82
889,244
204,362
494,110
77,665
706,403
577,132
1425,314
230,773
5,475
405,246
283,438
589,139
210,251
262,229
165,705
376,205
656,35
243,159
757,225
404,555
307,42
443,334
56,87
371,1635
1036,248
284,449
15,405
1193,238
117,334
1460,102
24,218
1828,192
708,159
1487,103
379,675
666,172
646,141
47,173
500,67
124,36
394,8
258,49
32,57
136,0
834,791
260,565
82,364
662,412
1515,444
1230,252
341,238
1117,49
110,382
281,68
59,120
334,132
122,50
775,235
242,25
56,69
54,0
1301,264
785,90
594,421
928,476
989,972
495,135
181,12
547,184
248,482
305,318
337,396
177,291
159,980
998,24
308,74
1184,366
31,26
28,792
902,369
1070,1646
1038,67
1026,451
501,298
285,156
109,501
588,24
654,88
1121,114
138,144
1491,82
234,584
606,857
184,57
29,537
714,2
41,564
186,214
179,15
1164,340
122,173
45,105
1089,256
82,166
216,201
1232,89
329,147
475,59
1938,241
101,278
354,577
321,35
413,17
265,407
16,31
51,519
194,418
17,388
243,163
307,29
418,134
1305,206
477,511
331,20
113,312
364,79
246,82
229,97
39,12
119,164
2172,1000
225,39
76,86
744,186
1000,65
795,941
1917,348
1010,551
492,161
414,736
390,88
156,173
1051,143
100,803
191,37
141,77
2790,728
288,50
9,772
82,326
42,505
895,561
139,646
684,131
27,162
117,198
262,236
66,105
391,159
688,40
725,122
200,233
1456,55
618,17
277,344
20,27
135,13
330,284
295,345
12,418
479,185
1328,11
190,108
71,171
633,199
175,233
1154,805
490,47
1942,193
282,165
78,20
517,257
328,39
864,731
25,53
1818,353
59,124
96,883
15,411
1041,37
34,118
953,29
1052,288
18,205
456,226
1380,107
801,242
321,126
425,139
165,211
509,21
124,162
297,72
148,4
23,7
47,538
128,64
161,397
960,1136
2859,176
560,117
575,284
1593,198
863,177
267,53
521,65
301,1226
593,1
8,91
272,56
241,286
166,857
755,288
50,4
66,243
234,345
146,307
171,117
795,570
775,162
73,59
593,135
176,121
827,107
324,20
1,538
170,62
704,402
153,98
297,590
254,166
9,19
284,269
199,532
1184,384
339,1
3,743
74,970
1366,904
711,355
1811,139
286,650
70,191
454,216
545,148
265,83
165,166
212,986
71,220
282,41
15,43
1077,48
119,779
1462,24
1089,511
46,48
400,378
1315,203
221,744
975,227
367,251
197,386
501,110
124,446
394,36
242,234
32,56
51,18
1795,268
131,331
59,1267
403,653
37,213
640,236
2136,164
846,309
267,415
532,4
198,219
585,42
612,181
434,252
954,671
639,48
488,474
568,68
153,21
447,288
304,543
329,1
170,295
1644,384
193,112
1118,297
137,216
1824,180
1366,121
664,783
457,136
1391,84
795,108
533,22
575,52
310,24
372,75
364,73
228,6
285,929
1269,689
448,416
1471,481
162,468
64,293
1224,292
201,74
420,1087
1232,88
326,145
140,153
830,65
265,264
222,30
395,153
1270,13
368,301
51,111
203,502
169,646
359,54
65,173
570,28
1104,253
15,573
366,358
406,14
533,669
406,66
642,115
23,102
378,462
329,530
94,40
434,476
1105,21
7,86
111,481
98,335
713,177
733,599
3,59
76,97
890,147
1826,180
858,111
440,23
4,6
753,85
273,799
225,13
448,612
96,292
541,29
58,390
203,186
14,114
81,315
334,206
780,362
1413,65
1796,158
484,44
1503,191
796,221
509,637
926,42
180,30
10,472
123,43
826,3
546,543
1186,1297
454,206
44,46
161,159
1144,175
740,606
53,32
854,441
631,87
1110,98
111,113
809,33
512,193
196,48
427,64
32,116
145,279
57,39
272,4
173,397
1385,687
591,173
42,859
913,209
11,402
944,337
365,120
702,639
622,106
638,5
179,32
162,898
313,347
450,612
1178,702
159,728
28,184
106,183
276,245
953,436
6,129
712,187
25,63
56,99
454,263
792,737
1200,23
346,396
40,40
164,24
354,299
317,406
34,5
537,232
1922,53
137,130
161,144
809,247
232,140
62,361
565,848
29,109
322,186
105,32
553,300
592,141
1010,6
46,79
1202,445
240,92
297,6
191,481
185,52
73,127
8,63
1176,324
42,232
519,257
1636,195
853,283
361,161
481,174
223,179
276,65
159,174
532,89
200,16
64,18
60,582
143,71
192,461
1144,58
19,520
591,265
805,906
23,312
1197,416
315,72
915,73
373,10
745,12
48,107
294,63
339,398
57,51
450,359
1193,24
1251,281
281,277
201,387
227,152
13,636
1429,62
104,73
753,154
209,140
889,117
342,27
21,798
201,88
816,519
235,103
349,814
319,209
121,32
354,302
241,574
1797,129
387,250
25,215
98,92
1568,7
2445,447
13,174
330,512
102,224
524,253
1067,186
623,98
434,187
489,0
225,302
600,55
36,58
1328,66
133,1
1855,46
1401,423
88,75
491,454
894,304
264,1121
1465,254
459,284
144,416
528,119
150,523
442,48
279,287
95,107
64,1127
11,336
180,8
187,82
469,47
68,456
821,266
1271,189
982,436
283,445
738,15
233,269
669,67
188,145
106,295
345,2
354,74
606,14
671,75
263,447
383,329
377,673
371,7
185,310
2433,490
228,145
1434,257
164,253
62,270
79,154
847,45
571,155
3,92
627,118
660,36
648,66
352,602
511,380
390,21
263,348
322,453
1733,1129
767,495
7,15
219,553
109,335
1317,408
241,82
917,8
103,103
698,165
333,180
893,41
301,330
255,54
714,191
2228,69
186,467
95,130
162,607
223,729
415,60
77,195
652,40
1428,314
26,435
496,597
456,36
1043,1
507,147
765,138
51,221
319,30
407,40
141,135
204,793
1244,27
30,104
138,404
123,397
755,207
784,994
932,137
3,128
693,207
524,193
550,129
545,35
27,17
815,93
292,1006
258,1399
502,1122
121,361
576,44
146,1251
266,231
53,148
49,337
387,218
941,411
15,80
13,180
514,51
34,49
918,274
576,514
1124,27
221,49
39,380
174,69
688,16
676,596
33,28
533,231
69,60
191,183
93,187
18,834
205,55
55,582
807,178
26,215
143,137
674,47
632,217
256,62
500,71
44,126
175,319
80,54
309,46
188,470
31,2
678,311
84,12
1263,245
1332,430
1198,380
457,137
913,53
668,228
316,114
208,127
191,82
356,435
482,829
1349,34
213,6
68,230
73,213
420,332
757,504
1605,148
950,214
1611,71
66,107
508,324
923,5
1651,45
148,18
70,58
217,48
299,373
395,465
65,10
632,246
102,69
164,151
190,201
871,260
332,175
88,461
647,51
40,132
374,110
71,896
691,181
751,71
1337,12
220,123
1570,527
275,109
338,17
208,590
202,70
252,238
156,91
116,380
181,471
1407,219
24,219
1176,321
609,173
555,187
255,203
316,80
191,216
744,149
216,74
86,42
102,953
109,98
235,358
1658,65
60,636
1243,302
1061,326
32,332
518,477
361,184
1106,205
396,155
790,102
70,139
247,89
425,335
89,58
678,523
66,38
3,318
146,311
74,410
95,172
885,1398
2798,144
130,93
367,234
155,176
1256,94
429,51
49,1008
359,97
1081,626
301,119
399,0
442,285
136,49
402,610
275,946
9,153
309,288
55,182
147,123
20,269
107,187
39,25
495,169
130,58
597,286
1181,199
658,183
486,233
548,20
261,374
710,31
278,154
131,83
537,14
155,52
2,450
102,90
560,532
1062,348
300,51
32,384
487,350
175,540
662,98
190,676
515,67
504,327
140,125
108,8
89,164
198,14
219,99
526,123
91,557
884,661
1485,442
1489,1115
356,36
950,59
405,286
846,81
246,164
156,331
370,8
376,82
198,27
223,103
24,593
82,383
990,722
460,29
241,393
107,532
273,153
5,288
221,286
88,308
92,166
1375,84
642,195
25,122
722,151
710,13
764,86
434,1101
971,488
483,33
535,493
77,488
549,425
159,290
124,493
307,319
823,418
84,527
631,63
94,51
113,126
258,206
10,203
426,54
752,351
1031,62
314,218
267,84
240,543
301,154
479,14
1329,562
162,88
234,229
46,57
118,354
752,501
0,756
868,44
32,357
474,168
338,157
528,271
801,46
626,18
454,173
598,77
238,132
147,465
424,16
127,15
88,236
217,1
1564,147
174,146
2,255
74,240
1146,12
389,53
166,40
429,122
643,54
697,5
271,3
860,416
399,59
442,29
314,244
905,168
795,425
11,189
110,498
325,99
766,222
252,127
1734,63
42,292
1411,1037
375,41
930,62
293,432
152,35
739,1174
4177,329
97,16
284,269
120,112
234,326
432,233
29,2
1101,63
2442,643
31,201
516,242
305,157
1677,98
519,175
511,89
238,99
192,159
397,586
149,72
142,61
53,561
89,33
133,328
132,24
534,277
814,577
885,306
941,163
33,78
362,280
696,215
528,151
1545,127
0,24
333,67
279,128
490,80
53,244
590,243
151,287
147,634
241,63
1572,263
402,156
983,141
1007,347
106,12
581,60
59,30
890,72
657,86
1170,402
228,393
1310,32
411,303
443,87
705,258
39,251
378,325
225,71
224,493
121,64
25,151
123,128
47,1336
829,144
1161,98
386,579
187,68
616,464
263,81
354,652
145,743
190,84
94,251
322,99
109,441
35,561
650,234
12,329
123,400
770,214
1272,336
439,239
616,101
1287,244
363,169
227,89
412,78
247,0
493,116
1425,410
107,92
247,890
4,374
433,694
777,423
1131,1354
992,215
7,230
303,175
59,120
4,283
152,201
404,0
166,179
17,746
443,55
987,254
268,393
1141,542
308,202
451,4
532,164
182,110
532,266
285,189
26,140
131,64
74,15
154,129
28,29
52,144
57,21
539,352
159,62
914,270
2189,1536
389,176
501,328
566,194
258,131
789,331
309,232
139,94
28,257
44,76
17,100
3,16
636,36
1352,57
364,27
50,433
531,44
239,174
685,102
215,57
566,131
152,613
147,111
116,671
109,295
249,65
74,445
596,376
112,1266
992,114
1780,901
583,81
371,384
1091,222
305,30
1313,206
256,36
229,103
446,132
454,697
231,920
85,476
171,2
243,48
70,166
272,993
171,389
1108,362
150,8
879,29
98,62
668,43
23,113
793,763
421,440
1467,1037
411,35
448,584
482,798
253,281
377,336
115,331
340,382
233,138
1525,113
554,209
1219,35
143,172
32,25
720,102
142,2
411,534
42,105
657,692
237,670
557,790
422,234
176,701
520,365
994,237
128,283
798,10
122,1529
128,146
361,377
30,345
478,80
871,441
1381,88
371,174
340,106
446,835
374,176
253,26
2694,609
195,103
272,259
57,73
130,727
863,629
22,6
1037,68
114,304
552,199
603,240
652,307
1054,59
515,30
343,185
482,85
178,153
96,553
446,32
202,58
116,595
283,49
9,347
321,324
39,270
120,269
2448,23
313,68
251,77
485,132
728,69
792,25
289,23
940,496
498,35
547,53
561,304
3964,254
964,453
52,212
80,594
346,118
814,238
287,137
8,89
65,362
33,16
401,19
85,117
1081,581
404,59
36,8
28,346
67,22
324,217
146,82
248,244
590,726
53,817
1422,90
9,513
60,236
983,281
378,196
24,114
610,197
176,135
303,108
223,183
446,735
163,86
158,78
78,736
116,18
182,417
347,520
661,320
1091,707
1245,347
730,187
61,87
407,299
792,243
320,171
313,160
756,40
187,72
316,164
916,108
83,632
697,7
206,651
114,53
374,79
1940,279
451,214
1195,160
1256,436
121,33
617,36
81,47
29,100
837,114
1739,1
359,584
1006,39
505,346
496,104
747,289
50,264
431,346
263,100
241,413
194,118
143,178
173,163
91,58
56,165
30,108
926,649
466,83
1,540
370,96
379,736
177,903
223,1
119,166
539,48
143,529
79,27
835,290
18,377
156,432
1004,292
1800,380
499,267
662,118
1486,286
407,134
260,119
462,106
293,20
757,84
16,497
75,110
311,4
30,400
459,780
912,485
1490,10
1086,245
667,240
47,205
632,153
515,350
1132,362
473,15
130,192
55,62
544,158
12,578
289,8
1509,63
351,230
505,831
561,192
197,132
668,328
360,339
169,179
83,84
117,48
206,147
68,41
65,166
70,28
611,378
188,46
1077,335
6,19
534,263
629,624
709,243
212,168
945,352
362,245
193,110
188,290
195,93
221,149
150,22
719,59
2109,82
391,357
82,223
661,402
195,42
871,119
339,71
667,139
318,6
177,130
141,949
120,314
283,83
99,589
684,484
210,60
1281,138
1178,358
726,110
459,438
1517,248
522,36
1941,221
290,50
262,120
474,167
216,21
269,7
112,16
69,23
48,66
2108,193
163,5
83,443
49,414
230,387
1029,112
123,170
765,141
35,274
860,1
476,4
15,17
348,59
923,928
562,942
323,388
684,386
149,379
359,412
266,148
3,131
633,257
20,59
157,294
71,71
607,133
195,22
481,435
73,113
1638,808
302,941
627,2052
444,263
495,12
1345,461
78,294
311,554
850,25
88,14
179,86
451,171
60,210
1189,44
1181,249
2116,104
416,196
362,123
477,1058
426,207
291,96
19,1152
202,167
321,299
102,54
183,1102
15,840
48,13
1585,75
142,342
631,224
859,271
701,361
1316,172
578,53
288,228
561,114
220,117
145,723
564,46
167,74
74,660
272,637
33,393
368,368
50,813
131,18
17,117
353,195
319,104
569,109
19,124
13,32
360,37
1326,592
528,47
586,59
643,323
21,289
1149,12
113,108
92,791
434,151
1102,204
340,175
109,98
108,386
72,28
496,30
1160,134
1214,643
456,100
58,73
185,439
225,44
715,251
400,56
589,305
1218,1166
81,1013
13,85
48,389
86,188
1086,227
402,210
46,205
689,245
207,170
325,139
352,190
552,1
328,117
210,94
110,1086
152,23
216,448
397,634
705,366
6,63
1665,406
842,231
88,115
477,257
958,285
572,202
388,183
990,53
305,87
98,175
532,26
1828,847
419,19
220,1473
128,71
426,202
31,462
679,528
54,352
3,44
171,46
787,49
41,62
40,109
971,124
8,12
407,929
1118,63
701,189
621,76
976,363
175,328
496,435
310,107
309,473
158,138
156,204
25,226
116,65
81,205
54,139
1018,1767
495,57
38,709
1837,127
905,5
544,3
508,6
88,231
611,63
171,305
89,578
899,163
42,248
188,573
465,253
15,456
939,406
844,151
19,321
477,154
201,129
573,116
331,33
866,100
26,585
145,174
356,19
52,342
565,9
21,603
7,25
1890,448
860,271
8,234
1012,213
578,373
1430,410
139,27
868,238
582,82
172,124
484,964
520,29
53,89
412,1
634,91
481,413
254,288
707,348
383,358
202,201
110,100
192,74
223,114
92,674
194,205
115,50
725,1022
230,52
869,360
43,33
661,297
670,794
353,329
249,179
1139,451
407,212
207,133
365,335
255,123
286,272
188,45
11,141
160,91
943,409
263,251
712,459
214,48
1029,2
381,370
756,20
128,287
219,7
196,76
172,396
220,101
131,653
867,518
244,74
1912,157
17,410
776,120
515,460
1,308
591,60
20,271
344,117
332,146
403,192
276,34
315,18
210,48
96,30
74,82
5,220
176,741
107,540
1173,537
131,494
600,215
78,259
641,168
75,309
1179,81
558,84
27,95
398,155
1106,5
632,643
439,495
731,455
181,482
450,3
314,188
1208,156
796,272
60,73
213,330
140,87
647,144
226,57
539,507
97,145
2254,9
325,8
799,55
549,328
422,35
2568,498
167,576
392,669
261,38
254,27
386,95
1015,182
233,258
1622,69
1350,308
693,128
516,118
306,68
586,460
495,232
345,103
242,3
235,192
362,341
172,701
198,10
38,10
74,35
2083,162
177,407
535,260
1159,333
903,410
601,196
24,61
329,313
631,133
253,136
159,1041
605,62
200,93
99,39
340,1640
919,469
391,609
27,0
104,31
136,137
412,209
360,223
640,244
41,270
26,139
496,181
1979,25
653,74
499,86
758,403
51,231
2488,18
404,127
138,1
587,210
1373,215
386,197
138,130
123,503
84,90
557,48
912,171
1,1343
693,79
90,80
545,10
285,59
815,283
425,69
631,322
103,12
265,16
214,176
196,464
54,280
1830,279
502,120
77,163
54,185
266,123
403,160
399,213
590,12
453,31
244,117
136,58
180,46
159,593
462,887
919,294
46,79
174,473
444,317
132,125
538,288
1173,319
614,229
412,215
1187,122
344,117
125,216
827,48
18,552
522,64
337,12
44,86
259,226
927,493
416,631
80,403
306,70
184,223
907,202
65,185
84,267
1262,102
36,28
1313,1702
1913,78
894,212
662,91
2257,526
208,351
561,511
350,209
327,585
172,162
213,250
68,193
151,94
413,282
96,149
1567,11
620,71
50,1032
2,138
1080,11
611,65
570,27
333,283
6,81
443,316
303,965
269,206
70,264
229,298
580,150
38,269
1813,246
902,72
39,254
535,191
235,164
614,149
390,12
1189,122
251,999
195,198
415,31
1030,482
646,15
44,785
27,39
1,481
930,313
31,287
1259,264
682,320
49,223
449,43
1174,267
730,97
214,142
393,1818
161,36
605,107
107,13
356,120
514,492
294,443
913,633
471,16
543,447
158,236
252,89
288,133
101,953
210,220
141,90
828,7
265,77
949,453
56,49
756,242
846,10
1026,414
295,221
30,718
507,225
169,154
388,385
270,132
323,286
221,58
34,177
177,121
1820,429
330,293
213,622
519,73
88,13
859,395
1648,27
177,327
251,19
282,531
188,123
258,293
161,222
937,431
288,94
196,185
56,530
1035,225
796,541
1209,330
735,100
41,306
390,134
356,165
431,223
318,51
358,4
241,73
345,52
162,14
45,395
235,1181
63,669
1654,594
158,535
683,241
105,290
369,191
69,488
624,56
337,114
99,125
463,193
1557,147
807,47
377,35
940,28
293,439
477,8
360,212
1677,178
855,341
71,48
245,388
454,115
830,181
85,136
634,648
66,204
33,21
401,19
859,68
589,346
481,41
19,714
196,471
413,1031
365,85
324,50
482,189
1327,228
173,276
147,76
131,346
20,146
1167,137
424,111
666,501
556,98
388,52
260,506
282,112
453,668
228,4
158,23
118,42
105,40
34,184
210,471
572,296
1302,358
1062,325
677,242
47,87
498,389
750,232
320,56
122,17
756,77
242,109
134,44
388,5
1100,559
438,796
36,652
129,76
165,172
331,259
295,409
525,286
1075,317
65,159
615,204
21,114
951,64
564,196
868,17
73,261
8,39
432,150
168,15
744,381
1,268
107,295
188,138
173,594
132,105
1026,62
988,183
22,5
789,95
116,108
762,31
307,77
1093,785
522,98
535,405
135,23
314,22
278,187
382,553
39,319
119,298
1210,171
256,202
225,228
287,158
428,194
490,176
502,1423
562,17
293,85
240,97
358,54
190,762
518,4
985,330
58,98
208,640
505,399
146,235
823,447
920,374
774,281
514,241
1807,141
581,127
174,232
957,62
39,666
722,78
361,27
69,147
297,415
1300,702
331,905
2032,478
192,84
94,252
1140,230
94,198
108,128
1776,232
60,119
1554,92
4,202
1063,361
836,121
1265,755
250,442
308,531
439,222
588,748
226,185
227,266
80,204
182,110
470,351
109,189
37,142
699,91
20,15
41,173
1491,1132
723,74
1163,34
412,323
26,97
207,356
326,1392
311,281
246,330
496,597
1444,177
119,311
29,303
1280,54
123,154
958,101
297,115
767,77
441,23
1368,140
271,1
228,232
465,102
1254,668
519,36
128,26
69,16
39,677
35,358
58,305
3,278
783,361
75,252
479,58
15,409
835,182
246,180
444,20
201,59
717,78
155,29
634,141
179,584
98,512
287,700
140,420
174,528
172,268
267,315
326,294
127,83
274,536
247,160
1010,23
482,121
1350,532
99,63
918,271
922,15
1268,448
334,252
51,42
534,276
253,306
485,459
343,110
378,359
388,78
74,189
234,139
29,494
354,332
56,8
582,82
113,78
1014,506
2486,49
390,384
598,1433
661,799
679,158
392,329
199,233
1368,145
331,679
212,38
67,165
1263,238
928,796
1666,412
365,132
71,249
480,209
634,207
530,250
373,65
421,10
201,82
391,68
191,27
55,423
332,37
89,1
9,1008
196,444
802,283
248,338
458,235
115,573
741,70
352,165
126,135
276,219
710,166
451,72
204,51
1145,45
334,373
586,106
791,699
13,388
1182,1
117,63
187,450
478,126
961,192
109,155
725,840
133,253
45,38
453,53
1161,97
1215,439
559,65
49,807
258,509
354,8
448,103
342,56
231,257
2102,256
207,343
163,105
145,280
59,173
63,172
1072,142
20,18
34,17
616,60
606,613
320,130
481,348
247,426
190,637
146,2
131,517
786,276
397,573
718,366
9,868
1446,373
542,258
88,96
559,448
867,260
443,69
138,23
875,136
276,89
160,69
656,26
1542,723
546,40
80,889
206,93
202,183
408,352
336,468
600,321
1207,360
11,189
488,164
1506,148
1454,90
665,241
2342,109
118,656
1491,137
530,320
205,100
797,403
24,285
136,337
203,176
255,638
159,128
1263,88
1506,226
51,67
955,117
82,118
990,44
384,92
9,1404
558,107
611,618
164,47
354,7
294,231
405,708
83,397
171,593
35,216
194,216
286,105
671,179
1100,218
1070,200
1102,5
632,24
331,66
274,78
381,38
58,902
649,21
1466,419
28,117
248,721
588,423
201,263
975,523
1000,434
1176,138
577,194
11,177
665,161
191,287
1236,134
81,1066
608,107
444,39
227,166
352,441
1977,13
375,5
14,572
205,57
106,291
1502,283
2,246
64,241
766,272
849,188
789,108
42,227
1452,7
910,253
1778,56
285,26
347,40
465,273
833,24
264,217
291,507
123,255
129,133
547,370
159,213
80,163
1611,108
80,49
63,184
0,8
834,101
1330,57
441,380
66,182
266,457
274,20
469,347
295,348
621,268
86,203
145,357
170,322
106,60
326,192
72,133
413,150
823,154
542,3
1023,83
341,489
275,136
546,111
73,775
582,50
154,39
81,28
102,286
60,424
84,384
14,539
936,427
44,291
595,84
56,468
1035,206
732,248
546,27
233,74
826,93
171,42
681,166
211,802
123,22
357,4
146,545
213,664
1574,278
45,360
146,336
946,91
311,587
283,181
1258,111
233,292
1582,44
124,332
1083,336
765,37
2232,596
393,203
96,50
1048,314
318,347
510,534
469,158
431,407
442,94
86,236
248,242
51,617
301,416
100,28
687,63
210,122
47,557
34,63
479,437
637,10
711,979
784,170
849,418
446,430
155,222
496,1031
519,62
113,139
2068,78
23,208
23,130
453,5
97,70
663,237
681,221
600,134
418,147
471,31
217,110
459,86
252,6
98,564
593,51
120,6
145,25
231,514
945,320
266,388
482,252
141,22
847,97
399,205
163,172
423,65
917,196
826,88
262,66
637,58
197,394
361,114
472,1043
34,450
510,86
131,174
221,35
597,301
1243,308
143,184
2686,5
182,284
87,50
689,67
1324,105
1638,707
629,81
71,48
276,717
379,22
510,125
425,40
293,321
90,298
265,483
218,122
200,317
72,198
75,185
1324,153
41,31
57,39
662,86
867,15
750,100
1330,446
873,563
446,817
185,7
184,564
668,168
422,322
1054,269
29,365
3301,473
620,317
102,127
653,355
1174,305
809,97
190,45
2506,155
328,97
125,112
743,40
2,1084
576,53
92,6
242,114
237,230
557,303
390,584
1260,175
1,454
52,212
573,187
997,159
2665,99
525,272
1140,126
61,860
408,211
428,378
239,81
1048,26
127,917
172,2
266,370
326,53
110,149
37,372
1,240
75,82
1167,135
96,152
1085,62
431,65
47,20
1109,138
333,1097
205,54
442,39
247,263
499,1073
94,425
186,648
59,242
229,268
396,139
709,143
1370,326
55,246
2000,26
11,42
730,74
444,87
911,52
80,3
692,33
36,399
52,90
285,577
662,254
215,306
31,657
1538,570
7316,167
676,221
16,245
839,172
247,322
1703,153
95,8
652,116
502,57
261,141
395,590
145,34
440,19
55,275
266,73
73,332
6,300
29,259
90,270
896,307
1434,214
848,131
1096,235
692,28
871,310
781,81
338,37
431,58
396,675
1113,114
312,466
405,91
153,270
158,154
615,480
172,170
104,189
6,140
127,74
95,222
710,51
694,110
8,72
545,432
80,204
287,493
313,27
525,399
333,297
883,330
100,234
200,587
228,389
140,87
255,204
115,141
1032,169
67,174
506,15
67,92
718,886
312,113
619,58
86,414
687,2
209,827
125,820
69,356
89,487
175,561
55,591
1137,502
55,332
628,93
79,366
1278,254
852,305
585,50
362,125
1096,115
133,66
874,188
256,1755
160,28
408,10
176,677
245,903
37,312
56,422
177,420
1154,122
58,862
40,213
280,134
22,328
22,57
226,378
45,1018
878,219
16,48
441,431
109,74
1171,369
364,413
634,728
577,199
344,488
232,154
134,265
318,273
162,813
318,450
125,34
789,77
246,155
60,859
97,1
542,507
800,32
599,14
948,211
1058,444
556,462
319,253
556,8
250,102
290,147
141,93
181,257
163,167
478,17
143,90
561,75
873,67
964,7
490,10
879,67
278,129
514,102
270,17
113,611
680,69
148,29
173,44
273,649
994,499
338,497
602,216
179,36
12,106
490,218
191,194
478,79
1009,221
1357,148
300,86
721,80
228,511
287,146
553,9
1216,353
341,103
121,200
164,71
361,317
1723,347
174,391
10,88
198,785
112,151
783,195
1011,136
60,3
748,55
116,86
498,1111
466,35
595,143
455,46
336,341
118,340
370,681
233,140
231,171
42,243
123,228
3261,129
70,48
183,46
836,102
1190,26
811,116
550,712
1034,627
500,11
421,24
394,856
3,196
1077,378
1737,233
58,471
153,117
776,181
150,60
753,214
1346,345
870,107
220,53
18,186
372,127
281,144
899,57
42,0
722,80
230,18
285,132
282,242
703,340
445,734
22,200
10,494
75,304
650,230
1234,198
26,131
613,221
2064,152
189,11
501,237
498,430
258,125
789,33
79,5
118,15
282,419
346,70
139,345
62,18
28,388
162,268
64,160
143,172
1894,76
505,81
60,27
1416,149
375,8
236,74
604,62
268,303
568,371
140,362
241,0
171,281
274,282
494,158
925,163
1502,374
65,264
13,60
32,55
843,101
475,117
998,71
289,703
35,58
332,520
228,105
832,260
854,269
175,247
53,477
1867,396
11,119
782,192
40,304
914,216
1004,336
24,180
234,28
830,149
590,71
311,151
338,663
173,48
494,31
119,308
287,92
100,530
28,378
50,224
121,314
30,356
15,263
1170,151
543,267
553,35
1020,437
899,98
190,50
240,72
217,1061
608,139
352,394
498,121
297,783
268,441
783,25
230,363
60,216
32,150
154,81
121,249
826,64
748,143
65,129
613,343
124,253
521,681
370,49
618,995
415,318
730,379
146,265
287,723
245,412
171,132
294,255
129,180
1122,134
91,204
965,36
113,121
1277,51
681,123
1074,777
296,479
19,13
227,1
140,1019
96,205
115,314
204,239
65,356
163,1
100,415
802,186
111,423
898,271
1148,324
734,63
413,144
1235,134
210,973
1021,221
291,732
189,50
691,31
217,1074
314,46
78,394
26,495
45,647
1641,130
84,2
65,240
299,155
32,388
512,33
2,480
588,15
398,272
516,116
546,854
75,189
2323,8
424,18
682,53
661,398
389,588
266,177
146,213
437,413
195,9
400,605
161,107
946,98
202,165
102,2
145,12
638,609
1278,68
681,21
1128,240
1298,374
591,620
343,291
702,23
318,201
360,187
148,154
222,271
221,189
1359,30
336,107
1362,84
56,75
1148,896
554,31
1554,546
299,7
639,54
337,326
79,1109
807,84
187,34
231,51
312,886
1196,604
357,539
679,96
211,59
36,139
524,272
232,329
588,100
817,273
11,168
355,101
394,123
427,563
324,169
622,21
1381,400
366,125
151,233
197,100
421,665
1052,1193
13,462
972,117
105,1380
148,173
1,209
1222,277
83,85
865,158
1619,226
533,11
527,83
671,264
559,71
264,427
153,396
463,779
299,162
521,196
52,260
149,311
21,147
97,61
201,71
902,125
1540,88
1071,150
473,4
1387,1174
768,43
525,31
712,3
40,222
1173,430
118,245
231,549
375,151
27,228
440,173
976,249
1023,229
1212,54
266,601
46,97
665,54
351,164
1056,70
104,11
780,88
268,485
325,169
320,449
745,401
357,1405
63,246
51,411
164,348
1293,246
2,270
49,149
704,248
6,173
206,18
568,278
559,7
293,158
623,56
171,79
170,984
243,491
437,87
95,368
26,24
52,442
195,302
76,342
3,511
11,286
566,216
31,49
5,188
440,795
301,82
1277,79
335,344
887,421
156,383
281,31
203,321
310,354
520,268
1007,190
3,475
111,327
780,44
60,74
21,149
584,135
1502,85
312,976
48,65
377,573
261,139
966,488
42,332
496,370
249,589
157,339
48,155
2914,205
80,227
1293,170
1248,269
36,143
331,64
963,160
664,155
353,189
362,0
214,66
613,10
167,389
516,109
194,633
57,400
94,306
151,359
41,410
24,279
1499,257
615,329
632,58
17,584
1119,71
247,143
443,100
279,7
719,158
210,421
302,131
158,0
136,515
436,92
68,596
86,488
56,354
191,150
155,602
18,178
976,163
111,147
727,392
199,122
584,793
415,63
704,6
444,397
787,451
177,310
361,559
309,541
114,167
346,268
182,203
2159,155
48,232
1041,44
139,130
1816,65
787,156
7,8
316,602
57,18
540,22
554,15
294,252
326,334
267,256
36,410
192,447
111,234
1265,132
140,275
1083,337
1285,411
778,40
507,170
71,169
274,14
1358,250
445,16
151,58
786,44
249,7
335,59
92,417
51,619
69,0
6,108
173,43
181,278
377,193
74,446
597,47
1197,526
731,21
447,304
584,133
225,2
647,222
446,51
113,4
865,79
1363,511
457,50
338,626
199,467
372,20
234,15
546,268
193,124
1152,115
220,208
115,17
172,864
720,1044
75,94
816,43
554,566
7,402
502,816
423,330
750,35
341,211
411,199
178,178
254,340
312,47
2030,45
606,139
13,114
87,162
101,1321
920,38
144,670
698,19
97,67
362,347
105,291
931,706
217,264
249,455
533,233
1,832
446,25
1144,128
155,66
76,193
652,304
271,371
631,118
878,292
31,198
399,80
445,156
456,858
491,254
787,81
11,526
309,144
186,261
238,107
479,755
1329,10
23,548
1985,168
130,636
44,214
814,257
669,345
2286,165
1167,187
1126,255
665,95
817,201
801,567
639,62
302,502
181,457
487,573
319,188
595,241
97,323
254,644
47,175
64,114
261,86
1280,144
10,104
1186,162
530,10
2148,9
882,26
558,54
1069,403
65,260
2667,8
166,305
172,715
436,160
69,255
550,197
61,284
183,315
100,61
568,750
71,127
715,80
376,94
1706,60
151,580
652,39
409,568
383,179
402,726
4,467
402,11
74,261
62,437
196,437
1947,305
651,339
78,258
897,374
1436,214
267,40
670,314
658,14
531,170
705,72
200,95
185,5
345,1556
498,107
121,476
47,93
15,537
68,350
52,429
1531,614
1466,326
1911,297
52,140
25,395
497,64
324,219
1499,201
380,409
1040,6
209,493
292,54
246,373
390,508
648,306
46,217
29,513
137,345
908,57
87,90
82,189
621,161
1,58
386,15
19,92
442,887
312,149
1414,535
164,381
612,423
268,728
327,478
217,165
148,255
243,283
93,288
3,311
8,178
415,48
1248,85
1101,21
630,140
446,12
249,81
657,22
183,416
584,132
225,1550
80,1
1220,379
103,421
85,749
66,242
7,292
1174,353
793,65
40,719
1462,85
350,164
470,109
316,50
821,286
244,548
238,166
198,15
190,399
541,110
60,756
2444,573
17,503
81,170
187,768
29,204
1054,358
137,488
839,23
162,291
690,9
622,68
898,21
808,457
1030,522
217,349
387,615
354,600
142,191
389,335
266,452
5,180
73,285
1693,68
176,108
15,85
11,167
46,19
398,752
123,30
579,29
629,49
332,285
366,716
535,314
183,487
482,546
338,202
124,169
276,292
23,74
8,245
1040,843
539,94
82,85
310,20
2027,458
503,37
167,84
425,94
316,769
414,86
231,549
80,783
102,5
46,117
204,58
210,317
510,349
87,3
685,72
1636,770
790,45
520,247
727,159
418,23
823,249
237,64
149,10
291,123
389,621
129,64
56,798
217,568
424,35
270,115
676,441
232,279
62,336
283,234
166,30
213,4
574,2
98,104
944,57
627,690
19,518
698,29
478,391
968,20
420,262
697,245
219,206
324,362
392,62
1120,60
847,194
33,121
113,182
130,18
1011,62
158,1082
795,1321
142,95
1743,436
401,360
74,813
526,128
204,540
598,263
10,221
474,299
1515,1288
187,555
143,241
690,247
338,625
1425,150
1232,361
62,224
464,89
379,168
561,2
556,285
854,97
70,23
354,171
219,326
272,86
553,6
66,24
65,813
32,304
166,854
619,294
1079,273
766,390
19,186
591,212
575,300
401,117
481,171
474,868
12,88
358,39
241,107
604,46
268,403
692,499
109,341
294,829
73,199
975,134
277,108
1765,149
32,135
69,201
623,32
23,66
1224,33
475,69
1692,461
96,291
56,39
199,325
203,1104
489,202
80,205
584,228
193,351
243,395
133,143
880,26
171,137
41,95
905,110
119,75
167,650
746,46
460,352
430,64
547,401
16,281
502,54
119,495
104,589
141,470
19,321
836,383
105,291
1626,432
1739,229
303,245
759,268
752,35
569,210
847,91
260,178
240,27
291,11
579,124
5,794
91,101
37,664
91,404
61,461
2,449
1,407
1101,371
18,179
35,311
433,84
272,248
18,226
446,17
1404,80
243,28
329,159
281,427
175,417
697,355
71,325
53,749
173,798
1120,75
54,110
128,212
793,182
77,72
410,22
40,138
496,4
354,123
1737,777
180,452
697,516
335,44
404,659
159,205
254,347
311,301
142,329
136,355
142,191
904,55
104,101
91,43
677,177
610,18
313,105
829,9
146,357
691,99
271,5
128,7
70,439
128,490
151,1142
78,254
30,361
1583,449
852,93
67,36
15,106
298,203
587,141
479,64
1003,306
449,1912
272,189
229,26
206,456
579,133
86,2
19,940
38,20
111,199
58,333
1160,251
651,410
41,589
9,30
191,308
793,91
715,178
983,110
397,60
1275,674
249,811
475,1082
281,992
181,221
486,357
335,535
117,206
160,139
2473,75
209,125
39,101
22,210
56,36
446,38
172,53
497,51
2138,74
391,231
454,15
1039,360
239,580
511,658
363,213
155,180
589,368
177,103
141,419
123,29
466,124
129,115
366,408
20,256
949,686
221,26
480,110
340,1250
569,131
266,610
104,9
127,68
57,150
152,75
274,371
634,301
131,16
22,114
22,892
1049,58
593,280
785,182
444,30
954,292
271,146
178,30
305,156
456,873
180,523
97,10
80,703
121,48
35,123
229,475
7,318
127,386
299,542
195,243
247,96
658,94
133,259
1194,33
786,1196
135,624
898,41
560,446
2142,439
475,280
793,279
251,233
343,867
417,80
1464,79
1166,243
62,100
289,276
282,25
1538,76
214,7
975,10
157,104
8,474
450,411
100,47
734,162
432,697
13,402
185,191
1295,373
75,18
227,601
198,66
895,71
141,197
1662,12
1645,522
86,404
528,118
405,210
596,18
689,232
1146,128
201,45
413,193
347,460
345,95
627,19
89,38
76,1009
43,321
198,10
712,367
1194,342
1392,410
57,217
1246,260
727,337
469,136
564,184
407,1210
867,105
202,51
161,124
348,63
309,723
793,717
156,611
343,71
190,436
1464,316
351,126
62,172
1948,146
92,88
704,44
46,80
1416,57
508,89
8,571
121,252
98,63
359,405
432,36
612,214
125,234
497,260
207,373
261,418
164,163
1053,39
188,175
103,25
1066,81
166,102
626,1440
39,70
1119,376
1096,72
906,467
54,318
242,2
134,268
133,397
171,305
40,217
891,306
151,337
94,566
27,284
461,279
913,286
632,71
706,238
995,107
280,201
260,34
332,27
652,161
25,586
104,131
210,19
140,484
107,13
29,532
1181,436
1827,393
40,201
60,350
464,101
261,376
1433,265
354,2
951,108
425,51
388,187
353,67
230,21
588,5
157,1100
83,862
206,310
1460,92
66,129
140,249
914,144
102,99
751,44
124,175
577,59
436,177
1164,1459
238,525
837,614
359,51
460,758
190,233
289,440
328,256
220,178
296,447
197,238
1127,134
136,124
59,49
33,199
16,30
625,123
758,42
174,385
784,130
307,459
141,972
84,354
180,393
205,58
122,318
35,910
10,479
1177,109
94,50
26,125
314,218
661,151
542,45
1246,380
213,21
323,222
293,123
264,618
492,152
118,13
48,1295
81,26
138,227
81,381
1282,266
937,423
66,948
865,53
85,389
483,174
469,208
422,142
492,73
2295,57
387,91
537,68
319,74
211,484
515,303
359,676
147,240
190,178
34,162
329,195
0,122
64,236
101,49
523,52
187,61
557,58
15,89
442,259
627,36
1160,426
275,291
630,38
447,264
106,222
695,389
236,112
194,491
272,43
971,133
332,163
785,467
177,318
1044,3
237,43
591,98
420,478
487,74
317,363
202,73
178,76
184,172
180,91
293,421
681,317
162,31
46,148
33,13
475,169
738,323
662,225
554,52
1231,331
320,157
350,38
345,178
515,2
268,623
112,15
106,23
147,75
57,230
271,643
1287,369
1059,460
65,671
558,277
89,106
830,140
162,290
1635,126
853,77
149,56
1053,144
630,10
33,578
386,346
1579,427
321,189
426,4
752,96
4,94
1309,256
88,117
332,312
301,49
36,134
247,62
1184,31
123,135
37,650
523,329
145,55
0,185
531,956
71,459
202,203
1946,551
253,32
494,1090
416,139
49,89
265,242
25,34
58,128
117,128
1016,45
502,50
757,296
742,262
1304,138
235,53
464,240
390,12
367,125
229,62
138,55
121,671
84,406
356,16
849,388
1,387
2637,473
69,247
19,126
829,396
526,249
641,227
435,19
1083,129
262,29
214,160
621,78
18,1039
491,811
53,6
194,87
221,513
1730,336
374,412
88,400
15,344
186,232
839,22
87,138
82,70
631,104
37,698
158,268
125,71
403,472
485,49
652,385
202,349
566,302
268,483
327,357
200,191
52,55
247,197
153,39
1454,98
249,150
708,5
61,86
1430,997
1235,99
995,575
223,376
570,790
373,333
657,509
212,322
83,395
1259,188
166,207
105,298
49,160
521,529
1105,353
912,99
754,279
1463,113
350,249
477,57
390,39
777,171
66,658
71,153
241,31
152,567
179,404
53,683
1597,588
1,514
68,161
102,413
860,131
333,428
5,299
174,34
777,118
337,65
308,210
262,81
158,36
474,21
188,18
107,37
325,1
74,221
112,306
194,569
1143,166
57,109
861,50
153,197
660,73
40,220
1310,14
272,6
970,491
442,75
792,6
233,272
365,478
409,291
178,203
313,482
286,322
1479,153
167,143
71,76
42,234
37,8
792,156
8,66
421,496
97,185
719,501
261,6
128,401
196,448
224,26
152,239
58,668
30,413
14,114
127,67
147,159
395,270
782,276
628,53
959,406
272,32
368,249
408,143
285,701
556,67
144,35
71,711
93,49
278,262
128,454
6,508
1316,497
24,1486
457,91
112,444
550,197
502,237
448,153
295,93
776,39
225,120
492,95
484,8
272,11
636,868
304,57
184,534
233,349
59,173
374,223
20,142
193,354
126,25
592,77
368,88
656,86
42,170
543,304
532,49
2393,490
422,326
678,45
505,366
131,253
791,502
254,89
212,606
313,61
1456,170
160,298
939,576
139,442
102,14
571,56
1590,115
853,523
1147,82
358,415
235,857
195,29
273,136
237,36
365,409
863,398
110,44
76,157
75,19
593,194
790,370
948,309
623,59
1679,281
366,196
376,62
402,210
635,58
335,1197
80,37
203,35
186,82
102,316
311,871
1783,424
1151,535
77,477
639,341
117,138
343,179
1190,524
455,48
208,105
204,70
1429,165
743,87
55,40
433,3
4,21
343,212
790,45
878,119
26,125
7,482
119,140
262,363
379,62
79,154
293,79
24,511
149,145
60,845
597,371
161,81
12,217
601,9
114,12
260,250
466,819
302,47
618,27
514,161
81,107
282,257
167,39
231,146
318,164
119,71
529,69
867,878
956,89
1003,18
282,471
543,60
483,18
434,146
262,77
151,69
197,10
112,435
403,40
986,507
10,888
25,577
41,304
61,161
1025,461
809,343
768,241
534,30
1364,147
283,41
232,171
707,99
39,17
551,48
137,26
143,107
123,265
827,290
239,483
1948,428
1002,363
219,260
996,111
157,299
94,189
715,317
59,119
188,329
80,98
473,583
602,27
820,446
248,398
663,339
376,230
374,381
235,218
63,71
263,230
181,101
4109,128
209,188
852,27
1087,92
13,1
2126,117
1494,707
269,427
611,954
423,357
745,620
466,405
324,1410
92,217
297,310
155,375
78,135
603,286
1585,202
1282,38
997,168
573,132
372,267
535,97
438,64
904,306
79,1986
84,180
310,49
206,465
234,528
73,922
57,3
41,609
95,184
115,484
919,142
375,517
27,589
207,57
842,152
505,120
382,170
328,110
199,49
552,33
142,24
81,45
254,13
30,252
183,426
210,21
1513,386
83,268
1061,170
188,297
834,93
74,246
10,26
417,18
1261,537
499,1
912,18
266,305
388,15
438,337
212,237
390,678
356,278
5,180
32,218
117,91
86,264
66,21
843,168
28,73
472,583
124,330
776,709
367,82
333,484
482,379
534,49
366,294
240,743
73,443
54,85
153,42
6,153
420,201
919,220
722,79
1058,534
291,50
452,200
500,179
343,3
874,82
183,42
115,14
61,64
315,296
142,527
18,546
2049,621
47,21
512,122
144,350
681,293
599,291
559,192
349,111
937,46
183,130
551,112
291,20
128,22
471,31
165,76
214,808
266,298
89,401
421,502
62,314
255,6
162,39
609,120
413,95
750,101
68,192
582,345
564,68
17,619
473,280
868,69
741,463
169,294
1051,954
319,107
170,774
364,74
1777,180
192,316
1141,730
216,597
113,31
642,96
21,148
1100,746
1677,111
789,1413
556,1171
331,42
640,155
257,49
160,621
1031,227
138,3
100,96
86,398
631,224
1000,469
1394,388
733,140
58,138
310,208
466,76
458,235
682,72
357,4
104,44
234,59
216,62
1335,393
352,6
28,819
2295,25
121,572
509,364
151,146
430,201
1628,633
622,63
222,115
1660,124
400,138
254,115
613,65
127,18
42,81
423,517
660,143
1088,259
107,329
30,26
147,162
298,418
400,81
91,119
336,106
48,730
186,184
144,73
744,441
124,96
51,244
712,21
129,19
298,267
523,2
342,62
876,11
550,187
109,227
354,322
220,113
274,172
251,173
171,85
1899,84
115,4
58,98
76,52
319,550
615,42
517,326
464,18
331,575
203,7
255,32
67,572
608,557
1501,550
50,4
46,735
51,323
84,170
1267,383
955,434
831,301
261,77
10,254
353,66
191,211
850,116
70,23
688,56
164,40
170,125
199,297
900,305
278,1414
15,572
1100,467
105,452
615,133
2,369
19,213
16,360
89,130
364,17
104,227
535,46
645,117
892,544
286,480
752,433
462,419
432,484
246,324
109,90
334,261
220,120
97,138
240,200
1002,39
1399,107
26,22
51,186
0,1371
305,6
772,14
342,451
901,873
583,437
404,11
231,246
406,349
352,396
261,154
2674,357
112,252
93,56
1203,284
719,75
320,176
832,47
510,5
1247,64
213,12
129,202
330,62
224,503
272,583
98,14
80,24
50,26
1541,274
84,660
1327,179
437,632
54,662
392,64
1144,172
576,138
409,193
453,27
233,68
621,57
170,91
94,68
197,28
72,294
151,363
174,35
113,570
45,283
1346,191
222,336
900,220
84,595
30,121
468,178
1774,784
521,22
1156,35
336,318
477,28
796,384
255,265
418,757
406,295
27,206
53,248
129,112
155,655
92,43
712,210
58,102
550,441
173,351
9,995
455,97
393,568
666,558
604,57
411,335
274,6
233,9
207,104
281,59
178,193
516,173
2,329
2522,44
1715,402
368,26
483,160
531,192
386,9
1022,111
215,115
191,36
74,83
394,462
192,438
56,823
92,786
78,26
641,131
176,402
995,334
632,310
629,81
395,211
1142,70
200,166
644,137
362,1618
178,45
880,43
205,91
233,19
159,319
2176,468
247,600
1168,353
273,60
194,140
698,291
480,244
1341,57
111,423
1204,433
712,82
47,798
551,300
1012,77
848,544
200,331
483,53
342,130
204,27
412,104
25,153
231,393
51,1336
281,743
165,44
1046,114
31,159
1374,16
8,129
927,10
596,18
352,61
724,184
600,32
418,1109
170,279
466,35
149,105
132,463
536,133
1081,260
1649,218
854,70
84,174
330,260
632,134
562,189
875,99
647,24
139,69
282,67
278,70
1006,454
395,17
89,0
8,30
150,286
575,469
179,186
453,160
12,888
1407,89
287,148
59,145
462,149
209,166
692,79
156,30
544,97
101,570
221,170
344,324
132,282
59,48
377,163
376,23
495,200
136,264
264,115
78,832
221,207
176,89
804,519
1820,159
74,284
811,5
180,41
510,329
615,17
424,133
1191,24
469,212
205,255
379,339
257,163
313,198
286,218
184,106
12,57
143,24
190,129
1261,79
698,20
15,79
842,371
1258,29
661,704
221,13
292,323
90,186
686,199
1872,131
115,342
173,1771
95,409
116,309
1986,410
780,462
1121,338
333,92
22,287
482,107
221,226
991,149
95,7
741,81
314,57
227,150
256,598
1237,382
286,10
43,623
1986,783
133,535
655,154
11,398
40,248
897,305
2593,164
265,40
14,266
661,22
812,150
744,41
339,31
911,17
526,15
489,582
280,368
120,106
139,268
258,153
125,176
286,250
1278,104
12,130
2774,34
95,209
28,10
461,177
887,20
384,528
1059,2
620,365
432,27
269,288
503,446
435,1
107,235
1169,377
163,282
142,71
107,324
13,83
672,187
50,60
581,838
22,92
232,536
157,163
408,58
285,317
211,924
134,19
127,31
93,40
2,312
95,747
26,244
497,497
80,1
417,93
1259,203
715,239
502,237
389,49
280,83
1008,97
225,100
233,85
228,41
84,330
167,384
208,51
140,933
67,355
1528,422
172,392
525,270
59,752
2384,141
545,191
97,57
585,110
1508,128
464,985
510,124
927,672
290,332
514,45
473,366
1805,238
98,288
180,131
207,903
213,50
811,377
83,118
629,516
189,451
19,10
510,120
440,28
849,841
490,82
215,537
345,13
294,22
393,122
300,73
195,204
1318,184
151,377
130,70
174,217
413,85
600,199
460,166
453,1133
1336,74
274,77
369,49
119,98
179,538
210,470
81,20
116,9
101,49
678,241
216,477
823,393
807,391
1016,63
457,226
61,112
260,188
741,155
389,11
193,53
1028,62
237,121
269,84
175,398
3,1110
316,838
2596,304
162,75
168,159
435,307
292,274
2183,72
123,496
16,44
813,208
70,127
629,1197
775,106
1043,715
258,268
594,67
610,148
325,39
483,112
49,281
266,457
73,11
298,0
179,108
1322,146
5,199
46,39
34,98
1296,52
1265,30
441,75
873,208
644,40
473,3
199,316
522,58
344,202
415,243
1444,158
107,324
148,188
1040,89
205,87
414,155
808,66
598,108
417,61
732,31
166,84
322,149
300,98
1116,562
489,33
134,755
46,54
380,322
679,501
239,255
561,184
32,4
1632,97
307,157
85,263
525,188
403,209
823,100
208,34
673,127
245,876
268,192
405,345
1077,302
623,63
88,186
76,35
686,441
167,307
302,282
101,80
262,310
230,216
16,738
29,182
107,323
1642,38
210,48
573,374
699,28
454,152
1371,40
530,249
236,319
466,290
395,202
534,229
361,297
244,125
39,73
94,31
220,137
1768,93
810,32
75,109
907,444
1705,567
836,543
534,34
999,403
287,217
35,213
28,152
80,390
186,245
1254,170
145,91
16,156
837,636
1232,401
375,65
62,355
915,139
267,280
13,54
140,14
623,97
357,71
246,171
276,664
1753,411
327,32
65,1209
103,575
169,676
1622,192
52,517
69,283
1104,326
1300,174
335,53
38,298
488,35
454,162
444,90
188,55
525,1
614,36
859,50
355,12
170,676
189,655
196,305
225,239
329,280
1900,122
23,151
8,52
120,243
51,1012
525,219
20,43
580,6
1719,110
776,418
367,39
317,323
539,475
495,7
134,267
1501,489
243,433
156,45
135,404
131,113
797,235
78,206
5,1060
112,107
555,643
506,186
436,66
325,448
243,406
160,667
140,452
107,921
117,365
142,7
65,995
574,538
87,351
520,109
6,230
772,271
534,254
436,56
317,111
1236,76
245,130
946,144
292,59
129,24
221,494
154,65
179,1267
113,378
3,495
201,456
719,130
82,1918
19,117
440,237
42,85
482,134
1127,340
570,15
438,142
485,55
344,931
581,179
529,9
10,269
111,323
198,99
243,7
250,76
1650,490
113,317
787,3
152,521
61,21
599,139
512,35
988,1113
550,99
249,646
369,1175
410,66
444,147
372,102
252,621
2297,227
103,444
183,77
232,248
942,103
28,273
1045,177
1031,8
113,54
296,105
392,29
145,74
234,31
272,400
90,7
152,15
151,663
868,275
248,565
876,449
868,414
1271,77
520,280
126,146
276,221
957,555
481,32
157,78
1375,76
282,131
337,93
346,459
23,7
337,1
56,150
194,96
199,201
488,387
341,1447
805,90
1437,685
1037,69
497,237
1163,181
1389,3
901,238
1316,59
278,646
637,184
695,176
366,64
541,321
133,346
207,554
120,54
372,13
234,127
64,156
16,210
71,52
58,116
540,68
1420,47
494,131
1021,634
818,63
384,24
243,373
650,66
424,230
748,275
4,179
181,452
180,200
82,107
454,118
831,183
33,212
760,140
360,88
885,888
277,19
398,70
537,37
1999,681
524,46
149,898
69,62
427,407
772,708
337,1180
601,214
6,46
23,129
380,133
116,279
1008,198
500,234
974,118
301,48
718,137
280,323
304,239
457,27
1209,373
505,82
135,219
119,20
255,514
32,346
843,386
894,88
25,354
247,246
25,54
51,394
134,92
8,147
158,165
896,5
891,7
558,191
81,53
623,279
284,339
527,310
444,231
599,258
155,367
262,328
64,128
122,55
263,175
14,67
1069,49
210,125
1295,513
62,702
902,603
599,71
1203,464
328,243
48,663
172,180
264,469
469,306
124,143
180,120
177,214
1150,196
4,136
436,483
72,111
1081,148
306,314
36,205
156,36
887,160
440,92
309,144
345,0
85,532
385,39
111,4
151,727
199,961
39,263
63,556
95,7
1434,411
1502,219
353,72
78,240
607,58
847,201
673,107
231,63
654,33
371,49
501,64
186,24
52,756
224,983
228,385
258,626
382,426
65,484
143,351
48,66
155,277
80,2
447,233
41,56
659,17
3343,129
383,795
415,57
358,410
667,397
576,27
273,308
20,530
309,510
207,60
142,199
145,120
938,263
105,233
17,17
125,131
624,943
567,157
1123,92
483,595
545,487
421,11
384,536
74,5
130,220
158,441
92,382
652,339
111,236
548,131
26,236
1018,334
1058,315
511,83
371,121
2,84
201,150
1137,163
314,73
207,58
256,543
181,93
208,19
127,319
32,612
390,558
941,167
114,12
95,167
374,250
84,100
549,153
1277,388
429,22
347,169
386,81
271,631
922,221
954,24
49,35
158,44
255,228
182,89
297,83
9,531
142,362
1228,15
164,673
84,66
681,114
583,59
35,17
642,122
313,31
455,9
351,80
521,167
511,20
292,704
18,259
128,520
196,105
249,198
1151,133
150,340
1380,222
515,96
161,61
475,122
965,41
374,89
479,38
308,432
114,19
180,2
232,344
949,227
461,628
1209,610
1177,5
2008,97
419,295
179,165
351,249
41,695
506,40
185,120
2263,104
325,108
361,124
370,568
63,23
416,63
97,187
141,112
321,272
611,414
386,12
930,108
1689,784
1141,75
566,202
629,225
642,25
695,361
731,129
166,1361
545,208
834,374
429,163
675,852
160,4
239,43
194,67
399,869
273,198
89,198
53,262
101,119
89,138
467,94
16,61
758,152
1338,724
947,863
431,36
279,423
699,47
454,268
863,323
25,225
236,11
220,247
777,171
567,127
1124,209
73,241
22,150
761,95
59,3
594,31
425,98
744,641
13,369
647,42
202,439
30,17
500,436
1017,838
416,10
1261,241
121,59
35,137
433,187
145,350
1107,248
526,273
1404,208
377,73
616,173
429,406
356,255
562,62
68,428
572,97
150,245
135,26
293,661
53,442
979,498
958,177
104,573
1268,286
579,81
620,458
985,101
121,157
188,186
1078,86
977,91
778,518
105,162
703,346
324,736
619,386
359,269
761,303
209,425
328,374
244,147
157,61
305,197
38,82
1180,64
224,151
1815,649
87,40
1280,1011
626,98
1812,578
405,254
89,897
340,202
312,547
501,326
153,155
417,140
408,267
81,228
200,100
987,658
44,143
1462,26
356,60
76,41
321,352
1250,23
470,108
565,202
391,7
109,647
432,62
124,65
167,1321
162,8
80,329
105,458
187,380
72,436
19,246
441,87
90,274
640,66
984,214
764,138
267,142
327,57
298,68
622,118
242,9
93,7
198,5
116,407
154,700
222,501
88,581
155,374
111,232
187,26
107,95
478,598
70,75
832,1097
36,163
691,1479
487,71
540,623
762,429
648,41
310,350
30,766
332,13
244,78
171,249
196,156
4,273
151,268
134,29
178,151
740,6
664,168
1416,101
542,753
617,572
579,74
412,689
252,413
367,275
414,371
287,488
1350,358
162,251
690,65
106,142
1104,191
1295,230
578,99
423,226
14,114
216,179
2037,193
389,55
268,84
445,798
299,14
270,26
175,366
53,785
410,676
1026,177
144,69
123,211
397,312
1118,164
680,119
6,496
790,44
408,192
449,90
338,720
701,249
728,36
44,47
96,51
195,344
215,120
335,222
34,11
179,9
72,114
222,57
1350,82
800,124
497,98
58,29
739,139
337,44
483,25
395,102
584,209
631,5
344,3
182,392
181,671
256,124
314,225
837,143
164,359
2492,249
587,114
176,89
646,193
1151,58
423,69
599,62
1077,574
324,35
457,8
549,393
775,254
630,797
1397,412
1592,1
15,70
470,261
192,194
373,199
85,2
979,64
301,156
21,114
401,24
305,142
460,693
77,36
445,71
124,200
169,146
362,339
650,348
198,53
38,131
25,9
2058,163
657,214
506,237
822,37
804,413
790,150
249,61
329,242
489,475
255,136
388,10
309,19
304,61
251,285
490,69
43,420
123,390
79,360
128,139
113,160
492,102
36,79
879,126
2166,5
77,12
501,54
349,25
891,61
389,301
1079,363
54,239
272,18
252,281
894,194
604,161
12,215
100,281
142,190
917,127
88,57
740,47
680,114
50,826
175,423
43,80
451,477
51,30
566,283
1130,290
445,517
1776,150
169,16
75,253
645,230
97,370
2039,117
660,311
1674,237
398,81
695,184
484,465
406,217
792,89
80,524
709,160
202,452
187,48
231,872
85,476
1480,546
1397,202
129,714
1421,321
811,169
714,381
1216,133
818,199
1493,219
376,165
354,120
662,736
140,184
382,22
401,55
699,13
404,636
817,340
227,336
375,448
281,186
185,89
456,154
67,102
943,90
290,172
17,889
117,48
1763,1
715,115
13,711
186,287
103,7
386,305
352,829
617,680
191,193
337,165
510,283
126,260
258,119
32,745
263,199
121,39
765,74
237,67
339,420
1678,38
578,36
708,57
316,291
208,266
535,70
173,82
334,10
176,20
94,347
134,494
219,495
96,588
77,370
469,165
139,338
551,93
1286,267
921,149
334,153
582,71
340,83
895,136
262,15
119,178
229,27
142,532
168,40
267,621
1049,776
68,485
30,265
80,32
98,139
593,743
97,190
904,77
47,326
787,84
546,201
611,33
927,560
679,675
387,417
70,1545
410,26
424,93
212,262
230,167
27,310
166,306
2281,75
207,177
854,68
767,209
976,133
632,1
772,434
721,90
748,940
391,473
393,291
468,546
325,587
111,456
360,308
8,135
302,168
894,239
96,287
672,5
520,165
130,50
281,98
6,219
413,63
303,92
499,0
340,35
291,93
262,611
26,3
509,3
1551,150
178,84
256,222
496,351
2119,187
725,139
62,920
912,50
461,237
511,181
362,5
560,292
935,54
84,31
141,76
456,389
167,129
294,306
2111,24
125,22
83,123
238,74
2236,316
944,297
683,251
87,127
952,17
419,68
917,37
462,119
690,223
720,11
386,15
212,447
196,888
88,278
360,262
981,182
217,461
23,200
689,136
352,105
828,218
1644,74
629,1091
675,69
1329,701
368,48
489,71
588,474
38,298
19,10
135,350
271,22
279,88
587,358
251,155
458,159
96,602
1072,31
345,119
45,217
551,48
325,169
515,22
120,19
550,97
260,246
210,156
448,364
818,400
229,68
50,149
86,40
17,173
752,267
568,296
875,54
1059,325
1048,187
462,88
387,275
742,824
320,147
329,23
168,30
152,75
113,303
296,89
65,559
149,503
169,649
165,306
263,162
615,258
65,96
1075,135
1253,10
102,24
571,68
480,38
964,81
436,471
1336,464
79,203
324,39
440,327
1248,228
754,185
50,243
55,315
221,80
1110,137
116,73
792,62
720,139
73,4
206,354
86,108
780,657
403,77
1,303
111,328
715,615
17,170
186,22
102,142
737,138
122,246
48,63
704,248
26,291
726,110
826,231
559,8
499,231
668,105
127,625
353,182
218,492
217,87
264,12
109,645
1826,443
1710,236
286,1495
14,407
1074,307
843,407
1302,185
1111,223
3,248
400,190
373,130
220,860
995,227
94,7
90,81
473,57
500,944
1081,49
288,1660
299,25
334,366
245,199
515,178
90,120
1776,135
309,200
40,616
147,73
86,22
844,139
50,35
242,354
72,19
582,346
413,1084
703,291
222,220
380,188
540,350
142,208
298,143
55,7
329,249
154,102
25,129
197,81
807,487
138,53
1463,43
22,64
355,327
242,298
573,363
259,254
379,286
231,336
140,792
170,683
165,531
145,650
122,428
577,190
3848,479
620,100
1855,299
1115,125
358,193
619,91
419,104
1229,251
331,36
129,201
276,34
195,1231
222,55
303,801
1158,1306
82,520
54,213
107,57
1284,178
336,0
18,416
577,104
800,406
962,101
637,216
763,119
1098,44
778,56
414,19
138,3
464,43
475,125
244,325
273,298
56,360
132,358
36,92
250,202
1912,110
7,222
1182,152
727,12
837,506
771,112
856,9
439,649
487,565
714,809
258,793
162,758
447,352
46,156
508,189
49,252
287,323
16,17
4,208
311,68
319,27
44,210
515,18
240,43
581,458
420,669
361,110
476,766
37,14
249,34
5,161
210,114
291,277
523,414
5,312
950,174
34,13
1142,77
689,441
630,193
652,16
641,328
1028,68
99,38
171,84
512,504
196,163
112,607
23,39
93,67
57,159
200,91
1174,336
1249,314
883,281
114,146
1902,106
441,168
1080,181
518,286
793,401
868,33
311,31
273,550
254,633
132,315
606,294
13,247
254,497
46,229
782,157
371,127
893,252
8,158
723,17
544,97
44,23
453,25
601,86
1229,553
69,335
32,16
163,376
307,35
316,104
26,452
511,262
1062,71
205,1095
1710,56
399,89
86,160
1101,23
409,132
795,1
134,26
619,145
295,278
244,195
480,882
891,478
188,88
90,190
130,24
45,214
41,503
716,315
1225,70
1172,372
1140,199
518,95
438,339
867,48
344,185
135,68
222,48
204,57
162,375
507,105
1534,614
63,553
60,890
57,347
178,183
656,272
92,438
1372,323
1431,108
134,119
710,122
595,62
43,96
231,556
2831,507
122,279
364,53
497,369
1452,256
815,312
75,284
79,398
281,109
1492,112
213,127
15,88
943,160
104,17
246,381
111,116
907,862
458,92
12,605
184,527
815,883
169,213
463,6
303,179
111,164
174,263
91,79
900,150
84,215
776,40
978,135
640,20
530,288
705,129
153,883
439,153
283,679
498,117
315,18
158,38
27,518
1154,265
305,10
27,432
1372,327
989,538
1828,232
1220,260
725,255
498,234
678,166
264,12
1266,244
139,12
58,96
535,70
139,5
421,657
39,15
44,49
376,469
263,168
605,385
232,273
27,322
383,433
919,6
99,80
113,34
1003,160
63,49
260,381
95,34
655,434
467,667
1227,359
395,256
470,284
669,402
192,235
233,162
86,12
376,263
185,121
47,150
211,101
932,1373
168,35
18,68
128,92
783,387
570,544
3,416
422,285
852,321
331,477
169,208
199,207
194,192
159,218
138,94
659,221
114,671
730,133
63,912
1899,133
305,217
790,107
449,122
1394,268
372,44
156,249
315,57
285,691
241,73
548,29
2208,20
125,22
83,239
63,63
8,189
421,13
77,487
609,114
923,200
551,131
391,183
434,153
951,62
1014,75
508,85
190,83
377,140
255,330
313,887
312,340
79,412
144,405
47,112
290,171
15,142
18,277
31,67
935,69
1133,709
657,130
1066,21
511,745
546,631
813,1
294,1451
678,6
478,283
71,238
574,237
90,315
335,607
44,32
1458,234
392,84
940,41
191,225
1270,51
521,57
666,533
449,524
387,52
539,391
77,607
313,29
32,200
222,163
368,294
650,485
42,357
1025,186
45,19
1507,92
798,371
671,241
929,60
805,386
1556,150
146,61
122,114
600,553
255,175
159,790
44,53
163,81
70,168
236,738
1546,428
1675,397
633,327
74,249
1302,137
264,210
1209,207
605,306
1040,36
1013,125
354,123
295,42
274,46
161,372
684,370
34,307
301,18
130,117
666,185
460,148
1225,287
34,169
2601,22
617,114
69,36
484,39
1297,146
1639,734
93,423
72,80
204,477
244,52
394,128
64,535
630,295
92,86
223,1
133,95
877,107
251,202
75,39
458,155
926,61
187,12
226,125
346,231
307,189
591,3
31,560
206,104
105,202
159,31
67,244
63,712
759,391
19,186
3343,442
917,249
604,127
506,364
1174,55
618,209
189,83
241,62
295,97
191,404
569,137
3,1072
77,26
92,6
29,413
235,230
434,234
48,506
1135,341
777,125
165,138
758,142
628,159
65,230
267,53
22,90
199,347
290,72
612,202
14,219
1077,351
194,319
112,426
323,119
2,132
246,148
24,96
39,240
133,82
286,490
66,152
1117,6
564,64
52,757
364,631
1003,3
282,96
524,13
342,203
136,185
382,324
260,154
63,177
190,268
54,65
497,141
755,596
1046,174
919,62
191,400
462,74
320,775
559,134
358,40
242,110
39,667
1504,404
379,33
66,364
1,408
35,580
30,246
2,296
826,290
525,248
988,226
304,24
1836,449
155,35
70,119
661,90
189,832
521,1696
150,26
129,87
108,511
39,193
197,442
2094,306
39,340
436,1
1100,102
124,218
208,176
1484,239
108,74
480,491
130,49
775,470
575,772
1628,411
446,287
649,318
720,1032
225,356
266,205
111,34
438,224
227,144
174,177
274,120
5,11
204,42
38,984
156,108
922,441
611,666
13,506
473,334
994,404
777,395
413,255
315,309
482,206
212,248
187,111
524,56
127,189
850,1
89,231
2,171
417,443
911,129
555,99
14,330
633,69
193,266
390,65
355,970
199,88
271,41
7,26
156,56
108,298
86,90
17,233
447,870
124,667
1343,147
3,250
638,142
481,250
372,173
1160,77
541,91
288,94
76,105
216,177
127,412
334,616
474,29
216,22
196,27
88,252
338,339
1418,151
59,310
56,82
1017,86
10,14
744,154
1337,42
582,558
642,1291
8,16
368,14
860,18
588,318
78,267
678,250
118,155
379,791
66,46
1726,272
417,103
1143,24
252,278
114,78
602,76
28,44
1165,623
616,65
1594,451
90,687
355,37
54,116
255,100
390,195
944,340
67,422
50,233
86,42
6,173
970,392
577,270
1343,75
874,447
582,210
174,68
148,131
683,825
276,147
176,3
168,72
216,111
113,303
367,1100
1021,455
26,592
802,375
98,284
1469,147
300,222
1633,254
487,263
339,61
1389,151
306,194
367,116
345,70
113,9
820,3
75,759
340,106
157,136
711,208
635,224
1712,232
59,213
9,46
720,137
111,98
601,62
1012,166
13,1145
185,664
96,89
235,564
280,66
422,146
78,408
719,348
117,117
283,22
232,187
1087,128
210,275
122,54
1097,179
70,69
425,18
494,143
743,259
427,161
628,744
52,3
264,86
153,254
199,17
27,284
108,841
997,454
58,211
8,511
436,337
693,145
577,311
1317,82
652,244
220,103
307,142
372,127
140,526
890,46
40,3
120,39
116,18
41,473
254,244
493,250
72,731
1438,435
378,195
64,237
502,178
289,200
1513,263
312,61
60,98
578,2
334,184
875,434
26,446
1358,580
224,401
138,557
378,222
30,155
206,175
64,128
79,273
167,89
1023,849
92,172
1457,18
600,80
62,2
409,902
1210,24
322,190
616,35
357,306
188,217
470,371
326,176
293,199
207,282
80,73
1205,163
32,768
121,261
53,79
226,0
577,102
254,421
654,71
441,729
305,47
273,880
55,463
405,39
90,534
21,476
57,942
41,303
14,527
1127,338
451,310
1443,283
354,3
27,216
484,48
116,138
711,108
205,1088
586,6
178,50
157,116
123,20
832,289
159,545
31,386
617,291
127,12
810,110
1031,232
1891,201
1834,272
178,64
538,26
158,164
910,83
616,75
1033,499
548,337
818,273
933,6
1158,403
317,217
160,70
491,256
260,165
187,199
294,143
28,68
240,67
45,16
192,131
1285,461
769,0
234,597
555,381
1284,437
892,426
463,288
358,348
516,254
571,595
432,135
1348,83
362,235
1030,743
121,267
216,28
521,150
1138,5
766,3
35,351
723,83
228,328
417,146
378,9
230,110
339,66
45,10
263,82
373,317
134,12
57,265
550,4
136,759
1565,156
26,280
735,260
660,313
392,205
2231,133
676,70
364,124
317,122
261,190
178,445
209,794
282,42
85,34
125,476
116,434
382,432
2356,357
69,1047
86,139
1594,225
229,36
893,177
97,80
723,613
726,9
30,28
395,27
938,78
668,375
102,334
770,310
216,129
445,2
322,95
26,310
511,122
1575,30
270,293
143,93
690,92
774,59
1310,905
696,119
4,599
306,527
792,60
527,140
600,110
941,222
1338,387
27,251
114,169
113,756
28,97
1159,262
608,315
1969,94
1207,373
736,260
494,97
253,205
868,1076
344,168
139,14
185,86
235,120
141,325
412,18
1237,614
885,964
735,771
296,203
472,194
1272,161
518,69
230,82
43,85
412,71
1236,165
2534,295
30,72
30,815
2976,13
483,33
520,936
789,699
433,416
958,36
417,961
320,317
2096,264
811,594
560,221
144,96
293,125
259,154
361,99
48,205
129,38
3,1031
165,95
234,50
559,122
858,226
1,21
1064,388
1277,403
515,15
434,212
591,177
400,359
1129,106
58,269
115,75
423,113
1071,172
334,397
107,274
37,339
21,351
951,8
96,198
1175,727
147,153
1022,228
46,253
509,38
372,414
181,150
312,68
44,258
344,705
2903,137
176,1089
82,60
1056,14
1311,269
31,69
676,425
693,423
649,1
747,265
513,136
665,221
599,184
105,246
146,26
195,126
300,75
71,99
89,148
1334,3
1711,1117
257,1020
3192,148
945,4
532,549
836,472
2560,747
957,569
516,322
706,209
297,208
1623,182
147,321
154,97
297,45
185,262
396,63
2,206
69,6
103,34
35,25
193,882
1831,66
489,340
1139,317
644,638
1394,186
405,453
330,437
695,139
108,278
769,876
221,310
137,81
43,47
94,59
120,319
45,36
1395,525
76,375
711,420
1405,151
608,469
286,261
348,136
142,291
562,73
20,227
461,97
104,123
33,72
217,431
17,137
120,2
759,31
1234,11
51,436
608,228
1253,545
1079,449
131,400
766,80
241,224
486,151
176,169
115,246
243,52
2,98
427,42
171,171
1106,89
67,7
5,75
1148,63
28,46
766,1131
35,486
633,437
56,12
832,1122
245,327
1248,99
618,640
577,174
153,304
251,145
195,102
310,116
302,160
136,188
892,1666
176,1131
172,54
38,655
891,876
1275,26
1128,304
309,419
41,255
343,936
542,214
412,142
283,327
322,57
125,257
334,46
153,49
25,738
407,1024
56,32
622,391
29,20
243,770
52,188
193,488
1067,239
301,264
111,187
1256,108
84,476
322,40
294,269
32,98
225,836
2,89
36,42
171,27
340,14
220,394
532,479
729,324
67,4
196,6
562,76
247,231
622,144
410,255
95,164
151,112
252,329
96,290
378,540
914,152
2173,108
37,87
266,268
168,102
17,56
147,14
110,76
96,27
986,142
20,665
781,397
1448,496
1411,666
421,1188
442,173
472,487
706,194
536,130
281,309
248,116
229,92
808,83
547,28
1190,146
79,15
29,35
743,55
139,284
849,143
1833,337
1008,534
235,139
27,98
415,350
164,75
1036,205
973,136
430,3
18,217
128,21
125,31
356,34
259,296
686,99
854,249
1334,1117
366,659
632,155
945,8
368,243
715,228
63,190
590,84
268,97
55,101
434,113
1644,177
19,337
73,54
111,9
1178,27
594,763
643,432
1045,401
744,330
1057,664
472,5
175,360
766,301
449,667
116,236
176,113
370,158
199,192
418,121
89,297
180,63
118,16
182,111
331,56
628,132
1001,257
22,35
1193,415
1494,197
646,36
372,260
736,221
203,408
1579,129
190,334
167,102
448,130
1167,237
376,429
134,313
61,1
82,3
1210,95
63,439
2376,6
396,185
86,471
336,294
1620,62
798,475
211,172
330,76
106,276
393,1014
22,157
216,7
39,79
1651,58
8,323
73,97
1461,555
1197,505
742,12
856,300
575,158
709,236
643,252
133,276
175,38
155,161
450,95
103,116
137,186
80,23
14,17
273,519
19,105
1122,705
602,418
1390,510
1052,858
729,693
309,404
609,261
348,301
13,212
312,400
208,127
368,28
199,280
541,71
25,233
95,17
118,47
46,30
153,321
27,95
607,414
1655,371
512,899
13,230
498,380
372,516
742,150
122,384
901,2
256,349
165,98
104,55
139,171
170,1
89,146
71,48
108,70
910,333
115,192
2613,560
1077,277
698,144
171,327
632,89
41,259
536,160
140,141
76,99
413,565
95,173
153,679
982,49
1692,24
77,509
652,256
1428,589
1334,721
158,466
1007,97
288,250
744,177
351,210
162,304
306,36
27,120
453,80
204,195
1432,30
79,474
61,13
1460,4
50,61
507,13
1108,666
573,849
1534,27
536,695
312,415
22,121
663,708
660,196
183,342
286,166
209,150
330,126
381,192
190,232
66,20
214,11
227,31
79,1
748,12
1496,38
1260,321
349,646
63,291
386,6
576,229
622,152
358,408
580,82
174,319
387,97
190,269
3298,73
464,73
67,45
88,418
186,27
526,1652
222,213
210,572
1461,356
544,325
158,233
3,88
174,596
256,57
338,302
55,115
258,2
11,12
47,50
205,40
388,25
79,505
941,594
935,383
110,830
256,28
457,132
295,267
709,163
460,288
119,188
165,122
356,99
124,90
469,194
33,28
21,980
66,93
45,333
815,133
519,81
1497,20
135,84
120,41
1201,163
32,754
846,588
3200,584
82,1
518,19
664,137
553,606
605,238
669,165
318,351
263,168
262,101
944,100
625,42
18,166
92,20
148,52
958,82
191,246
1055,219
1100,393
1532,776
297,499
49,228
441,1356
337,177
1301,231
75,155
882,14
280,253
364,66
361,16
445,58
201,367
1158,120
1150,427
1945,9
414,916
678,166
1041,379
417,273
815,257
86,217
319,105
317,70
99,133
374,145
12,219
46,3
96,62
139,22
1594,40
845,1217
685,461
1275,429
851,379
1708,2
553,148
216,224
653,199
557,383
164,434
71,138
267,170
87,218
250,139
101,334
193,70
144,50
240,146
415,39
746,166
1056,297
61,52
2677,5
16,246
689,43
398,357
858,248
237,467
4,149
275,359
181,112
560,108
3144,291
300,562
168,491
104,56
128,25
1676,112
130,507
9,79
448,390
110,30
377,802
2173,208
980,370
517,213
526,104
327,342
875,49
101,186
252,29
64,94
2306,71
18,344
97,17
2833,691
1605,612
899,873
456,348
493,196
907,292
809,474
169,324
329,86
187,182
509,112
128,135
213,200
93,30
38,29
346,617
49,136
831,320
752,504
11,785
1682,645
575,508
332,297
693,293
272,341
1343,242
225,610
139,136
294,40
259,345
461,99
51,273
141,76
168,73
174,54
169,400
38,102
685,632
6,430
579,5
25,244
691,402
461,732
623,189
171,499
1127,58
306,568
335,128
154,80
153,193
251,7
113,158
96,63
137,85
998,1358
149,509
1298,47
1735,879
899,266
535,383
81,109
230,318
1391,182
167,163
86,147
439,630
123,196
184,913
2186,62
1041,40
121,652
829,482
16,979
68,4
196,567
1214,102
326,285
861,202
376,223
247,321
351,49
50,138
386,109
244,229
4,7
126,651
192,35
5,25
990,607
570,486
1411,353
655,391
2031,635
570,12
169,445
674,141
438,5
531,334
225,403
522,206
270,187
408,104
401,83
205,248
93,32
250,23
65,43
90,7
857,19
18,63
6,673
410,1381
179,336
478,26
716,196
702,193
381,441
821,90
207,359
438,113
221,304
9,81
540,130
113,233
136,28
341,131
800,84
282,172
508,936
120,410
1293,346
360,315
152,104
204,754
291,73
506,356
87,205
329,22
126,33
88,76
244,44
452,43
106,605
1145,737
1844,436
123,1001
291,35
512,153
337,303
854,357
539,334
269,232
219,156
439,80
159,112
225,206
57,40
43,5
90,668
54,102
943,26
587,580
19,87
1013,112
41,57
401,192
594,576
1148,1013
1201,784
96,352
586,31
753,158
622,786
299,255
720,176
400,802
335,208
451,131
1179,163
782,20
58,209
63,43
230,65
1044,89
222,261
1296,250
1395,458
2011,47
319,535
92,280
803,20
416,223
2172,347
164,342
742,113
322,576
386,174
381,22
995,98
451,425
98,138
84,491
66,24
745,7
860,209
1648,325
489,318
646,386
134,266
363,122
357,86
168,143
398,156
36,247
71,15
129,87
274,66
20,59
1148,714
886,625
1402,561
1048,446
7,8
621,171
249,255
697,274
597,410
196,257
96,68
485,106
117,134
385,107
24,421
29,97
47,74
101,156
243,567
864,190
1340,337
74,65
643,10
39,275
1835,68
489,459
1056,201
284,1098
1451,186
345,453
236,214
774,117
10,312
344,695
201,576
117,70
140,95
94,136
179,734
48,61
62,466
67,46
468,8
32,374
1174,10
548,605
563,222
375,1
1035,62
289,211
825,36
324,116
166,53
59,432
55,39
26,1085
21,54
1055,4
515,400
528,208
1677,308
944,554
198,368
371,103
227,214
597,117
180,169
173,246
138,54
117,91
389,883
73,158
985,364
812,596
22,17
7,726
647,618
413,374
1195,165
324,278
1022,211
286,503
189,178
345,90
183,368
371,115
12,306
133,91
180,80
203,62
225,465
81,81
821,1219
1269,514
719,46
64,453
887,530
492,855
895,199
202,588
1419,72
345,717
354,138
169,169
209,164
321,27
68,196
265,82
187,166
1499,20
181,725
1538,60
2752,21
1054,572
601,13
106,247
329,817
3,143
436,202
193,184
1121,1293
332,155
436,8
108,89
1313,53
1703,850
884,521
37,1
93,17
231,702
1918,119
382,330
713,303
462,278
311,681
410,67
228,164
439,126
281,256
24,19
138,750
208,71
28,38
1227,760
667,668
1513,417
826,471
32,36
720,585
320,287
725,107
496,461
597,380
103,471
385,220
127,199
243,121
496,112
164,307
124,80
297,83
111,68
231,27
2027,40
27,71
26,781
459,11
212,386
512,61
772,207
905,217
323,590
1089,122
249,753
914,136
420,377
48,109
606,150
125,249
150,64
390,151
942,99
304,361
701,63
86,21
6,13
446,41
191,126
690,330
681,100
1230,407
268,233
136,29
141,39
116,90
281,57
507,57
60,15
2097,0
29,9
175,15
644,58
596,179
416,245
995,413
610,383
290,107
238,165
496,95
188,131
182,257
88,58
127,60
138,1
184,132
1195,48
683,436
40,997
1244,976
66,439
429,40
835,627
356,1
365,0
859,452
200,93
267,237
1385,8
372,316
921,150
541,1013
357,222
513,151
1592,184
839,31
68,285
86,51
294,94
1699,180
351,321
64,288
12,561
30,31
399,810
106,387
871,25
474,250
17,393
192,390
786,123
484,781
483,314
476,124
34,247
521,24
144,88
130,699
242,36
22,18
784,220
127,346
547,364
731,447
148,284
426,277
446,115
338,179
489,196
115,201
102,31
160,104
316,81
31,73
1262,296
1038,710
2482,704
1325,523
751,70
738,198
459,313
888,341
743,350
238,391
54,87
553,123
145,152
432,45
34,239
89,31
72,19
151,148
289,869
763,222
738,547
2729,48
429,32
2,321
47,75
553,532
1298,227
322,9
1754,200
370,735
275,240
1020,150
123,390
512,1234
243,437
168,98
107,124
108,155
194,14
70,69
85,555
92,61
647,14
45,397
2631,31
1077,1062
699,277
436,5
1387,175
245,505
968,144
365,258
179,61
228,468
224,53
185,8
162,68
90,18
981,711
653,260
24,267
1213,721
210,432
460,134
260,242
673,137
196,182
191,116
169,68
147,107
453,3
27,186
1433,435
1087,484
64,39
1308,5
763,14
463,399
1561,190
367,317
2,224
308,539
222,201
388,62
356,324
429,5
40,175
187,122
71,108
3,88
151,7
36,90
960,10
1859,618
777,59
76,484
1039,1132
922,12
1251,249
246,440
50,91
296,4
440,174
222,306
223,177
342,63
95,222
306,98
202,187
34,26
354,865
20,88
38,6
1432,884
484,55
153,287
406,49
23,308
596,406
211,364
1462,77
377,326
489,20
281,135
116,72
154,609
79,743
44,21
124,32
293,35
14,154
435,375
769,341
494,293
354,917
459,83
261,188
511,152
125,207
66,41
104,6
267,99
55,102
1896,27
769,909
4,478
891,550
91,43
820,656
361,328
942,127
582,361
705,101
72,301
473,144
176,194
95,146
283,120
59,345
25,95
158,100
2,110
249,35
16,54
69,52
107,7
370,26
271,461
631,142
1018,258
994,12
346,645
1372,140
284,1233
1079,157
446,407
112,118
771,124
176,306
114,91
450,180
1329,238
380,465
2228,90
100,33
63,18
501,48
222,277
791,1592
733,216
2009,8
338,287
253,52
385,64
419,172
622,76
978,82
86,26
5,11
38,41
204,22
735,73
684,203
571,274
1284,491
518,455
362,141
303,301
582,157
347,154
215,288
112,73
154,76
150,7
271,143
1638,63
789,503
69,14
884,9
109,237
531,115
1144,215
605,271
182,254
1000,143
231,670
305,270
373,14
75,439
310,170
194,15
301,275
777,179
10,313
1154,55
202,352
118,76
310,188
7,193
398,368
90,326
130,681
41,36
447,1003
72,505
1182,49
552,609
46,470
376,499
1041,156
544,1551
509,337
651,135
59,279
595,36
158,104
142,51
198,181
62,120
1050,4
164,435
104,426
46,593
398,244
934,315
924,125
363,246
557,220
143,225
127,44
167,127
370,102
74,157
6,365
40,3
23,22
8,404
860,86
853,226
633,333
971,360
859,396
272,450
77,105
645,194
184,260
539,69
156,294
134,55
102,1411
11,160
332,395
892,130
797,307
9,867
481,68
803,368
1399,104
350,17
929,262
579,30
25,248
456,565
325,281
1134,274
152,445
579,9
277,510
337,107
133,135
157,196
256,79
103,95
206,8
137,79
814,0
87,520
56,37
1212,1
803,311
489,17
2162,201
262,241
1257,155
456,476
238,184
167,39
266,162
240,51
217,198
118,30
63,1005
2942,274
179,366
100,1135
244,509
491,144
402,409
861,172
376,227
247,151
206,43
184,173
516,24
51,209
1727,501
6,524
87,47
1911,17
893,27
544,0
9,282
655,372
38,279
385,447
351,234
313,80
406,364
485,16
61,199
200,118
83,71
26,60
206,737
117,119
1259,25
1251,889
673,43
52,672
547,17
1003,17
1687,463
281,519
72,109
316,10
820,185
259,344
286,218
610,90
126,260
358,103
265,232
8,49
376,11
77,96
60,12
2927,4
552,70
169,322
434,640
64,382
1244,530
269,470
624,52
443,382
424,120
352,318
142,185
167,73
91,900
210,34
329,45
762,48
171,164
789,450
1000,434
614,253
416,357
373,102
330,232
574,173
151,236
78,48
177,11
308,115
80,119
11,40
2340,8
31,1414
1258,450
139,67
650,1655
541,381
1118,222
655,417
811,120
86,319
506,200
207,218
120,75
510,67
145,218
55,2
214,49
1399,142
143,59
927,165
1447,59
12,20
422,39
379,536
672,151
1235,274
44,34
430,0
2,145
337,12
871,196
547,531
159,225
828,135
263,325
143,107
512,202
1553,266
401,502
16,12
147,58
109,3
588,72
11,320
1037,14
944,395
15,21
362,650
273,188
436,172
470,365
702,93
112,91
279,43
179,1135
227,65
324,44
873,8
869,345
715,344
1912,583
254,529
384,150
342,320
655,180
393,177
260,443
148,47
210,104
115,28
338,181
10,135
1527,639
96,27
1061,20
122,265
559,124
1455,295
688,310
216,287
1319,118
361,997
255,85
458,316
119,242
364,33
212,48
48,309
264,202
479,355
431,63
218,379
147,91
391,158
35,238
316,615
135,386
181,40
85,60
1074,15
86,542
1569,62
620,780
68,560
400,933
1164,167
684,716
632,421
552,171
88,328
324,100
214,136
303,76
214,204
73,130
1282,36
193,24
131,22
59,41
546,502
1335,2
760,159
859,307
1742,375
370,116
532,68
197,146
415,120
1030,169
17,393
65,15
47,34
19,462
1062,144
708,263
794,424
1428,905
2178,473
469,544
122,136
730,219
214,296
573,1118
172,312
165,69
129,10
48,201
260,477
1223,156
1062,628
50,12
842,22
976,228
2250,64
394,560
1112,299
333,36
1347,261
273,690
178,318
462,344
190,548
684,97
351,718
611,138
169,170
236,209
291,88
130,114
242,20
153,95
875,30
111,566
26,62
1,23
1632,573
573,32
106,247
329,299
1694,131
480,829
256,197
200,52
307,183
339,64
232,210
84,129
107,86
39,26
221,16
226,11
573,264
1405,121
877,478
44,183
168,239
286,171
240,56
214,197
413,31
81,315
27,19
46,751
208,71
64,33
1228,6
616,13
32,320
705,422
50,134
432,481
394,266
353,97
210,435
569,74
107,245
385,150
127,99
53,65
222,1
147,88
1830,3
21,553
711,13
74,447
621,30
851,40
1101,12
226,649
123,140
391,32
1085,158
307,408
400,232
700,106
154,292
402,121
281,248
19,88
469,23
124,189
91,34
152,19
683,90
223,278
538,1884
77,409
1443,1072
308,547
706,66
496,444
577,131
378,338
197,330
222,100
229,82
250,176
385,95
1012,164
204,204
79,521
65,462
2715,269
904,412
799,121
354,316
677,291
205,290
211,74
232,34
361,86
171,143
1659,63
18,19
52,11
1408,490
167,988
744,12
617,439
1583,249
357,496
16,143
130,405
629,172
252,254
76,130
577,82
172,247
77,14
308,56
1715,64
174,6
1125,88
5,15
112,100
275,57
246,443
451,190
803,338
55,40
482,6
23,168
383,25
950,268
586,572
190,252
1102,171
477,413
178,131
784,162
22,331
345,700
43,33
160,65
134,35
668,89
34,364
1159,26
1837,419
53,37
647,1
345,236
511,135
550,601
602,237
161,233
316,142
261,69
244,164
372,58
59,19
44,390
13,490
254,800
322,794
479,125
516,398
526,209
483,207
295,523
176,62
226,153
130,34
386,204
32,154
2,842
218,44
528,37
174,227
706,157
979,365
808,362
275,816
1975,138
412,6
275,101
632,332
147,271
408,46
399,450
78,104
315,69
599,132
369,89
11,486
45,174
84,171
556,269
57,773
149,440
194,77
109,69
1325,28
133,830
57,38
735,1
39,846
491,14
2271,304
730,298
679,451
631,193
114,370
365,118
228,147
419,85
279,253
119,106
2361,59
140,39
180,67
101,116
681,722
1600,8
1177,315
1011,868
8,10
415,260
565,77
462,223
1052,97
100,210
106,510
149,32
88,98
60,637
1350,165
762,295
854,646
2461,1262
15,566
530,674
198,145
884,174
276,367
487,17
226,394
204,187
166,25
74,225
300,556
19,176
1156,705
72,19
989,36
1204,258
24,46
457,722
882,318
412,1122
10,254
325,368
736,198
523,388
76,672
411,115
181,850
350,195
202,193
303,177
342,117
136,137
306,37
207,190
1224,54
138,866
37,825
21,29
5,723
651,46
1429,262
353,315
26,149
596,10
211,245
239,104
359,311
425,91
286,258
152,147
119,94
61,33
256,30
263,95
614,616
1681,248
1194,63
15,230
431,297
627,291
700,75
503,243
906,54
105,357
37,26
58,17
244,87
90,45
1395,17
975,28
4,377
910,563
94,248
506,657
443,401
439,127
241,508
640,91
179,262
412,160
157,116
76,80
283,12
97,149
17,18
63,26
927,34
153,592
724,11
990,11
1371,878
262,473
138,196
292,38
804,179
237,472
231,289
832,129
264,522
502,154
339,306
57,117
494,3
138,81
118,47
183,31
736,106
63,293
605,6
46,541
15,17
365,19
849,120
590,587
717,166
465,291
286,354
241,109
267,97
288,199
432,112
1094,65
163,411
125,49
111,82
709,773
1057,21
1052,145
833,274
16,332
434,400
445,80
268,47
405,103
200,165
2339,71
98,35
97,74
15,672
195,14
883,27
772,462
5,311
407,591
28,163
206,430
711,183
287,289
102,151
680,102
213,582
123,35
366,83
24,93
283,744
1572,110
28,28
141,39
294,4
261,318
505,100
935,388
1607,65
393,68
984,195
234,41
595,335
736,469
233,381
1240,181
543,472
210,149
903,185
31,355
146,821
69,47
217,146
170,58
747,110
74,613
2400,11
30,552
66,50
929,6
387,250
573,157
619,776
641,254
177,108
398,259
330,96
295,205
184,171
89,64
88,23
1709,43
272,1666
633,18
1115,136
1303,464
1378,236
668,233
350,15
233,88
275,192
179,59
450,56
63,181
1411,10
253,57
593,50
187,243
1042,169
1205,418
954,410
295,0
18,163
485,49
344,134
801,287
186,316
426,63
451,520
102,122
355,85
637,143
396,1053
35,162
69,30
128,39
814,86
87,2
1241,371
2618,104
575,95
399,73
159,1046
80,52
849,14
102,1080
526,19
17,341
938,372
819,616
744,291
150,296
456,150
188,184
514,114
295,270
145,115
18,75
171,53
197,82
114,123
775,297
13,30
2697,398
1340,558
757,25
356,320
701,211
518,492
1162,213
115,585
134,604
369,44
253,114
285,717
122,195
53,371
1182,510
26,18
1434,282
655,1051
256,267
1048,200
101,391
521,23
262,450
235,213
195,39
95,340
353,741
61,149
2601,3
79,40
1259,52
3188,450
47,61
521,1073
967,358
437,2
31,348
366,425
907,226
615,242
167,248
513,61
144,431
431,242
92,328
150,244
195,136
36,156
326,49
295,202
1626,62
167,4
80,10
51,12
33,23
552,64
13,328
434,659
86,177
640,15
247,274
275,121
404,352
448,138
305,276
208,185
171,73
147,56
194,46
329,118
776,34
26,307
1369,77
27,463
487,790
709,767
795,191
533,507
3,61
331,303
223,48
155,39
540,108
123,21
14,40
1201,40
14,429
430,620
119,265
567,903
501,467
469,136
289,528
811,120
140,325
507,203
265,208
110,100
326,33
124,169
37,31
73,97
1009,41
185,749
841,22
65,1038
1,5
216,585
188,173
366,66
988,190
417,375
266,325
643,149
199,639
378,166
329,325
17,135
614,14
188,111
71,66
239,78
958,206
108,366
1166,26
108,583
36,23
409,33
998,140
633,648
775,227
525,327
355,451
197,143
408,120
341,335
539,144
59,91
178,531
137,87
136,91
815,1705
1344,33
5,307
897,591
54,2
369,26
551,110
594,152
928,124
722,204
163,100
122,49
108,82
707,779
230,27
1057,40
828,537
31,330
346,14
68,206
269,7
857,225
631,334
148,178
773,121
248,741
138,42
391,351
48,108
324,1121
3,129
86,45
177,57
372,66
333,397
887,130
1165,310
5,6
444,15
1213,112
334,853
633,353
440,507
110,441
486,227
341,251
254,256
1283,228
151,447
197,10
98,24
310,157
203,73
874,127
86,773
6,17
51,0
37,76
1348,27
454,459
907,183
1368,7
806,315
232,89
422,276
355,142
339,230
216,192
113,79
155,30
2564,50
345,92
810,179
1548,319
63,60
11,277
29,201
745,28
618,96
553,203
416,73
505,71
86,207
1679,43
302,75
753,126
245,299
50,211
1751,508
8,328
372,21
42,184
519,62
366,142
925,563
216,362
481,79
530,662
277,214
440,114
1433,180
487,17
64,128
101,76
158,52
953,101
111,255
19,117
18,702
654,696
454,88
1199,55
727,834
457,29
882,18
654,5
803,401
1034,394
959,779
850,329
177,338
484,211
205,195
586,132
372,507
250,148
120,95
225,72
257,64
165,158
618,368
24,36
19,596
1967,698
876,38
381,341
1044,222
645,17
2251,264
261,997
168,54
431,130
324,279
241,70
135,412
115,396
97,562
182,32
120,319
1,7
274,365
1616,233
242,511
649,46
404,354
282,246
158,62
121,384
396,1178
71,209
8,9
106,54
1821,66
56,521
75,79
998,11
1417,461
545,771
61,437
291,508
1068,339
693,275
196,282
546,70
225,463
490,143
118,198
201,162
352,72
65,70
207,32
183,248
512,88
893,18
1710,17
75,26
57,36
591,78
25,458
491,864
131,202
1445,39
381,322
328,90
504,444
384,173
378,343
223,79
186,82
178,70
229,59
136,135
826,41
47,329
79,107
68,639
572,878
852,1
671,235
660,722
23,270
352,736
320,139
188,134
612,125
322,34
150,47
193,89
192,569
536,490
155,326
588,6
618,576
576,253
330,647
883,129
156,453
572,228
301,235
135,118
715,41
161,198
81,14
118,126
817,66
223,26
1125,82
90,8
24,17
311,721
203,182
412,73
1187,217
471,434
317,344
766,68
259,517
320,144
407,287
45,236
205,29
136,128
30,80
164,93
1033,219
134,537
1530,40
159,957
67,8
613,48
809,165
796,1
1022,418
617,384
381,217
230,162
458,139
383,385
261,155
71,100
238,646
191,67
172,120
637,40
9,51
43,630
1271,988
120,13
392,32
619,233
670,326
1114,273
780,189
179,107
360,31
334,110
1358,8
512,44
146,105
1132,797
55,413
368,25
79,218
306,39
1010,257
725,381
164,200
1456,89
312,0
103,68
481,449
78,197
382,37
118,163
112,58
207,71
503,75
354,428
1065,150
1567,349
32,852
512,58
942,136
416,12
810,342
666,319
240,268
549,133
383,284
126,291
617,314
37,481
85,21
125,36
384,197
148,93
2276,153
134,46
46,38
163,20
46,84
1974,484
509,545
1083,209
1655,13
396,332
268,104
519,343
299,181
395,270
262,425
165,107
320,53
34,76
468,101
872,192
5,363
89,74
23,674
40,184
961,125
525,246
692,491
218,147
1339,89
435,255
149,68
635,92
807,180
265,318
76,237
10,602
28,374
392,28
12,217
647,90
458,260
1178,855
383,424
592,136
595,922
316,244
471,123
34,190
550,29
87,147
126,93
109,71
1229,164
162,470
60,149
121,3
1063,1181
557,402
1604,434
847,223
489,331
954,50
217,10
270,468
247,516
425,2
299,618
235,423
901,261
263,244
681,138
396,557
290,169
149,111
320,87
273,71
194,170
703,425
66,60
48,31
19,1128
27,86
468,434
1659,192
693,23
54,278
302,6
200,67
483,150
341,298
258,1159
190,540
167,65
130,54
125,129
168,1418
40,921
648,466
115,261
493,944
8,53
453,407
319,279
240,71
158,458
494,57
116,257
121,31
138,149
16,42
101,756
102,94
47,23
1643,498
613,947
86,515
335,610
1460,383
832,478
256,348
1068,97
286,639
571,111
218,231
237,183
398,87
88,15
221,642
199,184
584,30
1074,556
14,81
33,42
49,53
392,108
1109,387
576,6
146,299
3217,51
428,366
369,109
693,483
411,184
431,388
286,165
241,111
328,126
273,79
190,112
1124,65
55,411
92,114
91,719
643,4
1003,13
722,321
710,823
63,302
434,6
572,177
228,161
336,195
405,141
115,162
224,213
206,636
1386,887
377,374
2065,18
1875,706
22,266
408,951
28,166
210,620
676,183
357,479
102,151
814,65
189,225
219,21
133,136
965,81
260,38
1257,97
121,50
141,34
388,5
266,155
622,100
863,251
579,525
358,396
888,84
279,244
343,152
460,322
67,189
263,8
270,101
111,57
222,73
872,270
21,780
1028,57
107,25
92,20
703,63
881,187
1249,6
1238,448
696,445
687,271
277,191
536,143
479,491
218,193
114,131
333,78
206,75
206,139
733,53
19,65
53,7
1746,1
271,36
489,55
1006,198
794,380
884,319
1016,237
234,684
383,156
358,233
2274,91
580,141
174,123
79,1012
450,447
888,48
290,185
359,63
759,299
930,6
219,609
1,106
335,11
250,74
544,520
102,224
428,52
131,175
149,110
270,52
624,102
299,566
20,178
10,23
56,2
584,72
1027,154
438,402
935,367
756,365
277,305
301,158
449,116
177,193
525,210
77,311
117,87
32,53
226,221
44,109
775,175
20,53
109,46
195,33
90,112
21,399
593,695
865,313
22,36
490,24
319,126
723,363
341,204
443,305
297,499
179,117
343,91
59,91
581,80
1183,239
10,433
133,95
63,89
84,229
1060,143
557,333
787,532
250,316
2037,215
598,537
166,166
805,72
61,224
427,402
263,358
170,72
71,475
714,51
71,243
684,99
512,279
1556,3
437,492
635,155
697,567
391,367
401,158
75,238
647,151
180,172
279,123
135,86
1628,189
175,512
72,54
151,15
1349,8
592,459
641,526
704,262
606,422
1409,31
263,301
463,210
282,160
477,255
341,814
42,454
284,275
26,274
230,157
487,862
224,79
186,135
403,268
346,98
137,211
829,513
89,68
72,45
43,8
39,102
497,462
6,263
881,47
24,348
354,21
322,216
603,187
614,369
324,18
203,599
181,106
160,68
155,147
183,10
100,63
733,23
83,743
617,84
36,378
1092,723
1262,345
566,99
377,544
2169,65
131,273
151,44
167,169
37,56
112,17
58,117
91,46
25,62
982,13
205,653
413,868
2817,328
977,573
276,499
1196,105
326,820
643,130
251,263
179,215
206,107
137,138
284,1336
380,229
678,47
1451,594
38,25
57,879
62,1
535,38
1387,414
348,18
2041,342
838,69
265,441
457,140
1886,668
505,231
225,312
307,176
280,128
372,145
310,95
203,163
1414,73
79,480
141,148
185,91
758,18
46,29
926,408
916,607
76,164
465,11
650,200
261,183
378,223
430,153
191,173
289,262
269,177
2,80
630,13
30,150
29,29
64,330
832,5
236,175
464,691
15,209
404,575
116,161
1003,105
248,741
279,44
286,174
8,102
308,16
6,129
151,63
155,46
410,37
302,167
708,119
1030,283
820,627
417,34
1214,105
504,304
427,193
540,334
100,218
303,28
309,117
136,72
236,41
1485,204
45,524
1290,32
140,101
51,36
925,0
753,234
1014,860
924,593
255,537
781,288
314,218
602,165
509,538
236,264
144,150
414,92
265,104
471,166
876,72
61,47
98,28
1065,21
287,536
549,63
1236,225
935,437
427,359
1130,249
271,923
471,196
638,291
23,152
685,108
232,293
49,84
505,35
953,140
401,199
771,78
36,335
54,18
450,680
38,172
597,34
318,103
641,400
198,258
367,76
181,218
176,130
288,60
670,149
343,690
42,201
30,36
139,18
1090,92
1635,194
546,338
1197,464
600,600
346,357
339,181
508,135
264,205
562,221
102,350
143,104
54,3
398,179
75,50
1034,60
61,78
1208,71
86,51
2267,122
934,465
680,989
943,352
33,41
550,59
360,147
3012,468
401,238
673,244
372,694
140,150
423,123
90,173
623,4
1603,267
33,498
147,111
955,97
107,245
54,182
703,421
963,434
296,492
1234,249
747,815
221,302
1293,173
74,449
483,16
299,6
199,186
227,16
14,58
277,301
36,77
70,343
1003,18
537,624
804,283
808,701
419,416
426,168
99,325
733,174
212,197
301,132
239,106
24,159
232,722
41,80
186,31
3329,97
752,623
738,628
751,294
848,452
2316,39
301,344
527,238
334,199
555,262
420,228
13,171
354,97
105,142
276,185
147,2
0,94
1374,155
88,371
368,107
168,238
984,609
181,49
101,62
14,24
81,135
623,13
34,323
964,53
46,393
398,34
362,246
642,201
306,393
371,30
263,477
236,138
109,88
193,227
243,74
149,89
1855,46
149,877
697,92
58,437
1384,61
1475,1121
606,361
468,12
32,92
247,342
3,62
410,285
226,81
260,39
80,136
102,84
36,70
1212,26
240,852
568,2
26,346
1415,763
229,715
0,138
385,530
765,153
462,324
209,243
237,126
151,150
396,4
433,257
778,60
2685,751
65,42
27,32
106,23
673,111
3,270
768,580
14,214
973,16
303,265
257,150
714,10
306,259
104,354
189,220
291,154
437,171
390,188
266,202
71,100
110,1343
168,159
217,109
888,30
110,41
1005,433
1080,674
120,188
399,33
773,299
311,306
469,273
780,192
247,217
306,280
375,190
25,97
723,24
42,170
39,36
87,47
698,100
304,410
545,117
153,241
6,766
344,204
78,85
506,874
300,80
329,196
30,118
348,29
62,139
102,83
211,71
511,108
354,207
1584,42
1569,333
1101,505
475,47
526,121
536,320
478,205
606,383
124,248
238,64
366,141
190,155
301,65
86,253
73,680
41,10
171,118
77,12
1005,634
799,175
1228,795
1108,763
196,654
637,355
336,364
528,205
963,802
299,331
180,117
443,153
306,121
531,187
1025,88
124,54
111,35
1354,34
363,778
642,143
1857,338
36,536
524,461
2118,215
416,7
503,207
728,326
44,173
779,128
249,409
62,92
633,48
1381,255
492,474
2392,202
183,4
99,69
562,67
186,194
1606,39
668,151
6,466
446,294
393,84
269,230
233,239
359,87
1660,189
401,1214
73,54
72,59
169,30
1353,109
585,208
614,363
1604,552
688,764
370,405
396,395
626,161
479,257
702,276
199,281
182,125
26,23
445,204
99,66
1140,824
74,16
1664,16
114,1417
694,116
1162,573
650,10
596,451
1210,25
348,84
286,172
19,781
450,271
770,278
398,796
220,159
479,141
114,196
779,26
78,313
62,2
203,90
1408,127
63,301
116,193
801,456
1163,511
340,585
1436,280
800,19
253,321
6,217
209,611
739,31
353,729
261,229
186,115
52,181
293,9
47,183
96,391
79,30
10,792
31,300
61,1303
763,554
531,210
134,276
878,202
170,98
373,169
273,125
35,171
71,842
66,95
219,43
20,114
798,709
1888,17
993,366
1172,376
23,62
310,405
651,278
380,227
635,297
449,256
25,67
401,113
131,163
313,38
95,262
29,720
13,920
135,138
30,139
1246,361
334,27
1346,64
799,76
72,36
92,144
703,20
56,370
42,80
78,213
466,11
450,302
545,249
380,516
432,92
370,515
275,157
137,104
223,257
258,82
164,135
14,60
205,11
836,72
144,525
1030,80
15,18
764,911
501,18
45,260
284,1
23,170
460,741
322,90
526,45
292,171
324,64
219,98
866,72
303,6
712,65
50,439
33,1218
246,808
20,148
432,652
886,176
494,455
254,280
303,103
202,188
336,26
504,301
1508,131
38,6
91,55
38,44
117,29
763,27
24,308
901,725
43,241
498,978
376,308
212,91
923,573
361,235
139,282
221,247
154,176
258,196
280,201
123,217
98,118
138,10
207,133
259,35
733,48
159,66
1561,7
539,1
134,218
447,40
888,341
354,350
501,377
844,203
287,243
383,238
461,237
1634,119
1271,41
85,306
82,59
209,71
739,108
344,632
617,137
185,544
18,62
471,403
121,193
623,82
477,110
722,230
198,270
830,52
386,175
128,100
301,80
542,118
404,234
7,55
2025,376
1203,939
584,66
452,157
673,402
730,367
717,452
277,305
272,91
410,163
206,216
324,72
114,284
98,913
63,23
209,143
749,29
1556,1340
1076,312
1908,8
46,540
253,749
720,285
382,292
565,218
928,950
232,373
126,136
386,176
240,146
625,91
1633,178
174,80
256,59
599,51
386,965
739,164
13,382
48,642
557,746
15,229
466,20
432,258
1308,383
75,291
1027,162
456,534
104,124
674,266
1674,271
561,553
19,227
213,16
110,77
632,75
149,464
23,151
797,546
33,31
815,453
951,115
630,198
481,254
982,94
7,213
449,9
97,69
85,67
120,76
12,141
741,372
722,459
132,721
874,2
459,345
452,455
673,182
508,349
799,293
230,320
214,145
87,29
522,235
147,146
2062,10
206,39
11,60
148,646
804,135
1551,317
934,492
630,251
1588,573
394,28
153,196
970,7
278,469
501,149
382,9
283,201
561,108
3267,227
915,38
104,353
85,14
216,99
1681,181
90,341
168,238
971,11
29,644
607,804
15,351
1077,4
303,399
16,392
240,682
844,45
397,1168
482,245
204,124
77,204
367,71
88,227
219,44
111,128
50,34
74,1231
126,9
23,608
1360,224
342,315
59,229
187,114
399,179
345,232
75,213
201,12
97,118
347,21
61,147
672,3
11,29
1076,394
1317,558
47,77
355,463
695,312
563,385
796,349
820,319
66,96
470,84
168,244
264,62
120,297
50,1134
71,1515
150,148
54,10
1723,120
375,327
2585,748
4,97
755,61
844,119
328,41
442,434
64,87
101,243
527,24
481,420
583,262
429,612
484,109
456,755
471,187
241,126
289,218
327,110
126,172
39,79
236,77
983,88
175,636
1146,95
133,23
877,1289
617,42
169,325
337,16
53,175
570,5
270,234
650,161
404,341
348,162
256,226
57,87
603,17
12,902
240,477
329,19
315,9
819,122
502,939
732,206
609,623
291,320
325,151
220,198
382,38
565,341
1,152
48,12
288,74
81,70
169,13
919,50
1635,360
1241,25
66,446
567,6
403,346
304,98
1089,632
406,268
168,322
395,153
193,138
329,74
353,128
88,269
53,142
42,66
93,153
133,47
784,61
171,107
3,14
611,14
292,247
678,63
1106,272
436,414
427,488
1131,253
338,585
410,253
524,265
7,137
1745,55
96,328
220,67
245,87
975,140
401,498
719,163
146,8
58,90
589,2
136,238
896,88
540,245
824,510
229,661
894,145
413,71
369,130
702,60
2002,152
277,274
34,74
33,1039
2,13
622,80
476,218
764,435
834,424
827,535
388,325
323,98
508,135
264,268
272,101
148,155
133,45
108,45
243,163
857,42
1905,5
6,335
15,20
71,649
273,1132
861,228
469,451
481,192
1321,681
279,454
228,106
436,152
178,167
496,109
939,191
110,123
196,73
682,65
474,650
1298,194
1635,458
91,2693
702,44
44,281
804,64
485,274
1848,445
100,332
2,172
488,577
131,142
853,228
23,339
452,9
48,264
277,80
161,105
11,103
161,502
44,163
929,676
57,45
886,26
1035,238
712,183
592,702
806,126
209,248
164,64
358,96
199,95
1609,93
35,152
69,548
879,540
194,1033
482,13
723,368
788,564
520,228
14,442
128,569
624,173
371,172
74,54
628,268
132,157
812,15
162,52
426,74
123,858
356,210
488,374
1927,688
114,462
43,889
348,44
239,117
552,487
118,276
318,77
149,15
145,275
247,127
481,258
179,56
46,417
929,78
146,129
606,225
33,405
472,328
953,23
433,831
301,1835
636,374
443,10
158,465
343,507
164,2
31,149
111,17
426,304
320,160
1646,164
165,79
3,255
199,57
87,147
18,70
584,4
511,106
99,59
687,5
476,1149
576,531
525,149
479,153
323,317
110,225
371,23
62,137
449,34
1151,158
697,9
216,52
1387,1423
172,862
1123,98
967,247
801,268
590,439
986,395
502,337
185,104
742,101
1038,278
116,69
199,455
1211,56
141,20
463,188
120,26
743,90
520,407
844,1136
472,708
689,197
692,928
362,379
256,507
103,116
423,412
217,40
150,560
261,328
2743,650
195,130
18,1182
154,212
994,147
642,234
7,119
429,194
944,94
746,162
399,109
303,18
437,127
401,8
366,18
175,47
1110,346
309,29
857,200
479,11
119,317
300,182
239,766
514,204
221,264
1705,216
92,68
86,81
1869,40
54,53
541,16
8,143
864,5
761,231
526,687
135,599
873,191
402,248
483,86
224,272
199,189
82,33
413,90
205,78
64,20
39,64
2,408
977,37
1182,480
22,48
353,443
352,129
206,496
567,309
69,378
154,176
188,160
52,83
348,39
1489,161
165,71
1065,13
1259,85
104,1
575,88
12,85
1097,35
194,57
1405,289
332,79
698,308
471,474
82,523
698,284
37,735
431,316
240,579
1123,162
1372,37
40,409
1165,94
77,109
450,151
1433,594
847,184
28,19
105,99
327,33
643,271
624,119
762,285
489,389
333,2197
181,183
406,203
336,267
224,203
129,321
6,307
242,90
39,2
1366,20
1155,109
2,268
889,363
92,785
347,689
664,412
284,195
912,145
1126,283
61,118
408,176
155,60
75,83
411,191
95,66
15,824
15,423
324,37
55,988
247,58
841,258
1018,523
49,203
13,289
126,539
239,125
169,162
34,133
303,45
1941,166
87,105
174,94
442,180
307,845
2602,218
685,532
1138,6
270,52
22,320
329,79
629,338
531,699
96,390
200,217
336,962
98,245
258,240
92,382
1378,21
56,301
53,124
134,114
777,120
32,700
1151,136
1880,1065
553,63
794,50
340,435
653,226
1708,794
151,332
254,572
195,175
402,210
229,207
2025,122
46,126
95,833
1052,708
312,36
557,78
928,467
90,687
653,242
43,480
164,720
704,197
417,193
100,91
674,216
211,198
47,38
425,71
1066,149
332,11
47,235
612,429
31,13
148,504
104,4
391,57
275,135
630,378
133,323
339,106
177,613
196,263
311,63
35,170
221,70
90,488
1323,87
173,138
640,252
44,464
538,281
1167,40
591,61
318,21
799,974
549,31
493,573
403,558
204,14
72,172
77,23
250,420
162,180
928,187
59,109
25,299
230,76
118,266
46,97
38,26
641,24
132,68
371,17
405,8
648,634
595,295
512,306
346,4
137,566
417,68
85,235
675,57
139,198
907,31
278,60
11,5
119,2
1254,114
1188,280
943,287
294,895
1080,517
564,426
215,201
967,122
287,324
327,98
490,540
120,63
261,53
539,211
196,39
868,108
589,441
982,12
496,3
783,351
890,13
1092,647
305,176
198,1144
519,140
175,369
204,169
282,349
11,888
228,152
38,38
183,244
2403,266
690,289
223,155
535,228
1197,68
885,185
338,126
378,29
498,137
551,41
388,32
1247,73
349,434
52,89
272,233
383,34
170,401
372,144
301,303
411,229
80,296
26,245
120,76
98,90
0,54
76,171
613,175
32,411
95,92
1406,289
648,533
185,743
729,201
471,264
566,104
261,310
232,81
106,40
187,119
221,163
91,42
64,84
29,495
1234,21
2546,653
2201,62
846,477
1093,184
433,600
1626,351
92,430
182,204
204,287
65,112
397,64
18,190
219,76
1399,34
1354,100
154,12
728,24
23,22
1198,759
225,4
2511,324
379,204
751,363
651,661
128,776
889,229
77,1423
346,356
288,724
2165,187
12,74
62,438
13,110
90,126
512,275
0,823
915,216
1015,42
25,77
204,56
294,313
1018,33
926,325
608,452
376,6
211,193
430,228
360,504
262,254
157,379
26,19
285,159
121,94
1046,121
2568,233
31,286
1107,419
117,1720
389,937
760,201
306,208
437,185
1444,354
84,141
502,138
193,86
35,112
513,218
143,107
53,1034
173,486
681,49
224,5
537,65
41,302
67,774
71,251
50,246
177,685
340,195
210,205
75,154
376,52
101,175
99,121
191,65
503,143
352,577
55,233
725,788
1436,845
340,77
2330,375
388,100
740,388
656,994
236,445
234,294
360,1695
170,278
296,300
117,456
2101,36
66,256
83,158
102,148
677,191
2537,820
1265,156
32,7
690,77
934,57
365,472
696,257
7,9
178,414
292,426
316,263
324,262
296,258
32,254
87,258
217,66
1399,58
357,50
637,87
1731,227
101,3
740,297
67,397
196,1388
566,231
485,242
146,184
853,242
398,268
77,51
584,87
1356,172
377,17
70,273
1690,563
175,1185
368,714
217,407
455,77
546,249
790,430
289,365
425,115
218,694
214,300
354,79
57,234
253,18
159,214
1581,39
139,82
811,158
85,7
623,315
53,53
749,76
400,27
391,25
578,44
552,701
452,839
238,910
86,201
91,47
318,558
215,304
1299,278
173,126
1757,338
131,93
20,285
1130,105
960,38
684,46
163,50
422,62
433,24
1063,1523
741,584
631,379
623,9
175,623
489,180
131,530
766,198
166,391
1633,44
299,43
35,27
148,17
3,138
1691,531
1332,354
532,3
1868,564
887,671
258,229
1157,141
325,365
371,105
524,411
135,91
299,80
1401,246
482,14
62,139
185,589
1484,25
621,10
948,377
953,25
1352,839
347,198
233,0
556,167
260,477
235,211
352,193
50,233
403,21
69,366
240,278
34,506
582,305
62,175
568,255
1642,83
1061,218
359,152
399,53
613,250
688,65
707,48
39,115
407,512
93,106
225,261
433,39
1101,430
75,167
48,381
108,268
104,459
36,447
218,104
243,120
40,73
108,183
714,199
3,471
122,108
2806,4
697,34
271,74
833,483
528,736
637,188
309,385
411,111
156,65
245,171
282,174
96,55
94,99
53,590
1752,28
8,753
4,89
984,647
1386,328
541,823
137,193
291,576
461,233
497,305
164,120
896,79
30,216
256,93
2390,41
2010,163
167,33
1088,92
65,45
70,2
269,20
23,147
466,116
631,219
828,619
143,934
428,261
102,11
389,420
326,1312
5,333
24,102
195,591
53,178
134,95
776,308
1196,0
1313,245
1265,49
37,86
220,72
332,355
568,56
536,605
136,959
343,28
272,241
528,183
444,541
201,285
197,436
68,32
325,171
147,140
1135,139
18,285
54,29
1437,23
250,85
453,84
987,171
380,255
375,251
6,377
177,163
568,160
223,94
56,120
545,268
159,207
79,17
207,0
809,68
349,859
663,92
13,340
113,927
259,269
201,281
408,952
716,219
244,216
143,339
403,79
128,220
145,145
247,40
581,179
280,707
99,263
949,490
50,96
359,50
17,296
438,70
863,901
706,10
254,605
296,366
443,717
227,422
234,319
216,541
34,51
111,274
107,169
113,168
723,214
21,48
1842,70
43,23
230,106
787,39
319,640
423,299
1382,15
218,485
363,496
356,295
365,276
409,289
44,472
114,323
251,86
2251,77
413,108
750,226
1196,568
151,77
400,417
96,458
376,10
643,259
552,257
162,197
931,302
450,336
101,69
726,90
0,212
394,40
116,312
24,627
229,3
615,1008
234,467
1051,93
1522,343
30,526
745,466
476,147
251,531
276,347
284,100
89,293
320,31
212,292
90,45
216,97
882,180
113,483
710,200
75,4
795,29
425,11
487,49
499,63
865,23
526,3
301,4
222,226
138,53
341,613
233,348
1880,317
202,150
9,183
145,72
817,355
912,139
1402,56
451,53
60,63
405,76
286,36
1353,30
800,655
900,439
704,31
205,1144
552,141
147,677
612,248
221,512
21,90
371,129
1997,116
187,105
26,299
10,587
1557,380
561,24
11,860
1052,518
298,267
1253,218
380,471
456,204
648,471
291,99
354,87
4,280
545,27
85,149
214,3
106,47
36,980
71,485
19,42
119,5
403,356
295,11
1113,189
331,814
283,225
481,221
72,263
452,33
94,429
260,45
46,187
667,112
106,64
706,441
57,111
42,244
450,173
498,61
652,267
728,80
807,62
63,148
463,394
164,33
242,326
532,64
1826,6
119,194
159,434
143,303
909,545
610,485
2201,151
0,138
102,88
137,155
830,233
14,589
155,141
36,65
898,57
499,1703
1030,529
288,1210
808,403
349,7
460,231
171,173
265,145
324,219
123,108
119,121
136,30
15,50
124,7
45,98
1269,742
0,373
607,1
164,217
332,627
50,241
531,384
195,155
1053,99
211,362
565,122
248,66
162,187
222,41
1769,137
75,58
136,13
310,32
47,159
498,141
673,273
960,1172
194,816
530,209
231,529
587,254
406,434
43,354
2195,110
211,734
66,202
165,113
902,486
1558,15
24,301
4,124
79,114
418,92
391,423
665,71
663,771
100,5
388,33
189,329
303,209
265,830
85,332
82,522
80,102
383,213
311,179
2299,166
96,140
82,43
1053,35
287,100
516,92
1093,342
403,600
420,675
26,19
208,355
669,188
510,125
100,155
675,285
211,219
36,28
249,11
955,84
398,321
707,101
128,429
139,13
296,504
263,327
697,9
854,274
574,185
389,383
642,85
446,301
161,168
286,54
661,192
317,1265
110,324
1034,16
75,127
651,69
790,462
505,52
1168,556
601,787
324,414
318,275
470,1113
260,490
267,397
249,6
45,126
186,340
255,212
162,198
928,171
47,62
1084,85
86,35
297,155
845,47
434,843
474,336
2308,37
163,10
269,630
428,371
319,346
502,300
85,505
122,363
301,103
36,94
467,117
859,240
1330,692
166,105
455,71
124,32
514,136
752,722
684,412
214,242
771,319
527,358
136,85
837,108
20,225
442,559
129,387
146,35
267,25
701,10
296,575
1371,72
8,431
4,638
982,793
1190,159
724,653
583,397
598,116
274,308
344,93
231,368
116,71
276,212
1204,141
2374,662
571,226
122,17
1058,36
522,469
513,1177
560,9
1023,594
600,57
418,47
238,281
165,79
421,486
298,407
1107,371
246,173
48,209
195,79
946,505
992,158
32,70
513,131
86,83
431,96
303,60
741,14
523,1592
402,876
442,38
325,9
684,162
306,907
697,261
240,557
34,108
420,166
13,184
217,126
104,254
37,57
1133,21
707,106
38,62
1377,624
535,299
1737,245
433,509
630,91
691,656
329,130
397,116
26,224
642,44
44,189
279,25
154,54
76,25
186,568
79,55
149,17
886,383
587,28
77,234
697,9
323,192
600,448
32,308
239,58
139,500
326,58
170,197
791,129
120,80
818,151
81,12
64,72
610,40
528,334
837,332
624,101
981,81
92,169
569,449
333,46
310,348
262,105
2,19
147,221
188,526
171,352
986,442
656,675
1301,192
38,164
880,217
1003,176
545,262
543,742
1103,152
47,73
963,72
559,20
1252,759
329,0
878,484
364,29
570,288
225,293
332,288
547,473
160,243
171,268
165,66
36,57
197,18
56,128
1856,563
23,447
492,16
202,270
410,35
91,271
1037,407
316,215
1430,117
245,418
636,131
283,72
177,231
462,24
135,175
179,78
377,90
360,102
88,197
948,160
869,290
1240,4
210,2
596,236
264,634
667,380
434,342
107,238
17,59
269,380
108,181
204,145
22,578
22,28
66,149
14,135
1073,133
469,107
442,486
769,46
713,2
113,27
477,57
246,696
379,242
590,20
119,381
128,639
3,111
221,225
153,201
731,188
124,117
109,61
480,83
335,131
637,184
1858,429
737,820
493,783
55,33
267,5
759,395
578,328
114,310
990,474
247,272
59,46
284,26
1194,172
463,399
2456,132
181,682
175,20
445,602
299,368
800,20
1017,290
615,198
414,498
726,115
500,373
419,282
830,79
89,238
747,11
337,347
1583,22
32,145
693,83
930,543
577,60
15,10
633,8
365,536
397,520
588,636
451,393
318,316
316,741
86,136
146,167
273,238
20,224
1127,196
71,81
1343,105
97,59
317,280
1162,72
802,31
552,399
69,50
216,22
223,801
484,392
343,369
380,342
41,728
74,198
231,124
802,186
547,151
27,300
9,1236
219,113
525,85
78,44
644,156
878,859
1009,635
231,554
886,4
592,14
165,304
1039,131
125,282
547,887
178,413
198,69
206,37
1217,22
340,727
2233,80
28,463
13,1267
1177,8
1587,285
843,19
1098,479
948,151
342,264
806,109
382,389
328,78
557,241
1617,163
17,10
642,261
197,39
1184,108
595,651
997,13
656,25
1318,479
748,4
358,1047
307,160
278,399
447,286
336,470
1387,421
283,201
61,353
213,109
39,730
1453,186
71,74
593,150
94,98
537,114
381,68
794,20
551,11
451,3
499,62
183,768
393,191
0,14
459,324
136,450
75,130
340,177
42,210
281,146
131,351
59,64
10,33
756,137
63,143
2461,56
568,927
13,644
532,8
797,120
593,741
660,185
463,136
65,253
726,57
66,199
298,37
171,133
102,49
218,765
123,107
184,2
2578,488
507,40
124,250
829,16
699,217
2124,518
192,347
523,97
155,13
451,85
201,247
911,154
168,52
997,188
41,34
110,89
768,77
653,355
1346,108
665,741
1207,573
120,74
605,555
352,71
350,437
328,83
41,34
157,331
230,646
227,405
1441,475
1545,756
1500,216
51,187
1056,247
1227,207
612,140
572,5
542,126
655,102
235,93
189,27
388,1437
406,12
27,567
412,62
611,306
323,335
377,362
615,583
188,281
186,228
205,193
10,180
257,20
98,261
120,43
140,517
557,27
238,287
438,42
104,339
1267,531
356,264
2744,86
381,774
515,168
356,102
232,245
568,30
272,197
196,94
429,108
776,111
72,272
56,201
55,358
104,795
274,16
484,277
312,1522
843,436
534,386
253,322
46,66
378,440
136,207
235,67
43,328
31,795
78,44
55,172
875,208
545,131
659,627
1000,59
2404,14
164,33
511,65
263,1031
425,273
664,42
147,449
205,212
15,145
182,280
207,236
939,210
29,134
89,75
322,100
190,142
910,253
0,499
844,0
558,8
80,11
288,21
603,517
719,414
162,368
1450,226
430,654
216,145
359,118
1593,343
519,427
6,151
196,2
209,5
507,15
234,441
1541,43
1523,344
777,243
759,541
876,125
587,431
474,321
962,168
114,251
368,31
362,297
128,46
192,173
35,104
71,723
675,85
132,22
810,15
546,1289
418,629
662,815
505,448
362,367
339,515
100,117
176,146
342,196
58,227
1569,170
259,98
12,124
145,67
392,297
1283,86
864,43
630,461
95,55
235,39
318,10
596,509
422,444
471,399
152,849
107,226
295,145
686,254
435,160
21,337
1172,10
163,93
595,107
102,62
680,195
1194,7
1540,1239
435,724
3144,371
694,27
218,345
1267,281
154,620
586,62
196,929
231,98
237,54
1605,66
397,1
71,109
150,639
54,4
1722,14
9,323
700,30
1393,560
1160,276
367,283
393,143
429,502
370,105
696,268
136,191
283,33
24,297
484,75
2501,116
612,844
1094,24
756,38
2046,524
802,20
378,16
346,199
317,487
558,333
263,371
2,279
353,116
103,213
174,117
52,854
1818,212
98,90
675,178
118,160
566,146
520,89
1069,43
1113,27
523,18
576,76
239,1248
336,215
40,47
490,347
213,532
1568,149
190,219
1092,243
134,175
168,446
190,92
49,80
980,147
148,162
1158,70
717,5
37,738
565,14
847,264
668,72
755,431
527,290
132,1
1835,84
110,249
370,15
224,141
58,62
264,1333
153,126
216,8
18,17
535,64
1817,308
981,33
810,254
93,666
231,441
645,76
409,25
725,128
469,262
123,177
397,68
1203,200
63,39
123,118
832,100
753,456
80,35
839,0
566,460
155,89
523,181
440,474
411,139
350,595
63,47
185,374
266,917
325,668
1801,665
4,8
17,251
92,147
1408,304
891,235
779,162
717,12
609,178
691,118
269,108
221,49
442,10
93,28
497,917
127,89
224,261
402,531
303,386
998,744
247,321
242,242
237,204
20,203
277,33
126,314
150,93
154,42
858,133
301,470
542,154
74,360
2222,588
415,301
35,103
428,1289
583,178
490,200
251,294
646,54
308,230
253,114
495,86
938,143
44,338
100,215
139,522
136,0
579,28
1146,311
666,5
41,506
567,504
287,405
68,92
469,159
174,241
21,95
87,376
72,1002
122,51
65,93
946,119
623,64
761,419
1094,10
52,35
193,56
635,47
335,10
344,320
787,56
198,526
263,238
130,153
34,315
226,267
1142,240
52,161
114,94
340,130
231,117
584,314
600,634
663,42
347,20
4,22
522,33
691,564
775,448
178,425
3990,282
481,980
248,221
382,95
58,434
449,32
45,334
253,74
249,86
891,26
272,515
5,81
1923,369
1185,275
869,794
1024,159
667,337
556,377
743,212
163,313
453,67
446,313
344,59
235,196
60,123
96,865
14,93
316,44
34,36
1520,710
521,922
693,346
589,610
445,421
418,611
243,125
218,156
366,224
83,258
3,181
295,104
22,104
226,13
447,263
992,108
1168,60
735,12
141,69
438,51
399,392
638,560
195,524
529,461
180,10
134,261
318,111
740,318
373,202
59,542
2361,65
273,109
722,125
77,78
598,208
798,13
1873,10
487,1044
21,470
805,6
417,566
901,353
205,1168
730,142
255,1265
408,213
285,159
22,178
446,73
95,294
162,820
118,25
11,1856
32,382
748,48
1,867
2224,522
455,349
716,200
503,552
553,125
791,303
163,215
323,38
36,347
517,57
146,151
3439,31
107,40
87,109
146,748
17,33
472,23
404,213
368,577
628,376
302,422
24,296
486,122
116,266
203,64
93,431
26,191
132,41
1460,202
170,184
708,157
643,11
1165,56
496,40
597,31
660,51
256,13
354,267
62,71
609,778
277,6
80,178
309,250
1867,276
183,187
59,475
65,108
1077,96
563,124
177,75
1479,89
2519,25
66,43
713,36
25,310
792,80
898,503
650,326
96,12
12,190
185,831
396,102
260,334
81,81
300,12
190,234
262,142
137,159
666,889
26,26
1241,90
847,528
121,99
268,452
693,272
435,43
828,156
525,18
152,180
466,253
266,218
262,48
355,346
66,176
598,21
93,189
996,8
643,92
183,26
715,691
493,80
465,244
438,82
179,382
225,468
333,734
402,290
1197,41
80,410
29,34
118,457
2263,309
1046,7
838,574
774,316
774,590
2029,121
411,345
263,95
542,291
62,110
623,969
142,101
241,9
101,118
47,59
327,20
5,618
284,393
441,13
59,646
346,184
159,544
102,205
210,266
1021,180
320,69
747,167
98,41
17,271
473,24
48,1113
729,6
725,581
603,695
319,498
237,147
364,250
293,176
560,274
1113,156
54,34
113,255
171,17
167,134
2170,36
1583,26
842,12
83,389
968,22
634,446
252,308
1075,502
203,258
42,310
100,457
141,200
151,241
197,23
1342,373
727,72
915,153
889,86
97,1
234,117
898,893
377,93
390,29
925,978
216,147
284,10
158,1004
73,48
286,286
29,42
14,318
165,421
423,377
264,38
617,337
639,95
764,267
396,245
61,41
294,51
455,85
504,98
87,103
1206,273
564,2
315,921
470,392
81,60
477,184
109,362
294,436
286,401
1043,124
318,77
32,188
31,195
945,21
1088,1087
517,499
843,366
625,46
859,698
180,339
484,197
503,374
386,105
269,311
146,135
131,183
1766,53
394,46
74,192
6,844
1304,29
20,38
2076,625
415,31
851,893
278,431
250,547
454,227
116,51
1254,126
370,455
61,313
287,19
765,382
2598,72
1564,224
857,89
155,48
461,241
447,60
809,124
257,169
430,323
294,50
183,9
393,478
3,22
399,219
73,617
18,248
310,739
823,428
142,99
637,66
1075,231
759,116
402,121
1649,69
688,13
758,86
1086,64
299,125
782,439
290,407
457,1205
326,1167
34,143
522,407
65,213
218,208
166,430
36,73
1848,129
989,717
24,107
6,79
479,379
817,878
569,749
631,123
968,70
171,153
399,195
76,182
639,65
287,468
28,39
135,200
113,150
174,937
2,202
999,41
889,500
796,55
504,268
351,58
63,317
603,527
267,5
326,74
107,61
49,206
158,248
2753,172
185,110
764,192
740,129
923,188
612,197
696,38
1093,220
474,151
443,34
93,123
643,1011
314,13
104,571
352,64
3,796
272,337
30,328
108,323
1731,421
658,188
156,267
788,100
885,208
1386,269
515,190
36,25
932,103
1080,37
699,131
109,307
50,643
241,1100
490,307
580,65
115,191
375,281
220,451
298,331
151,200
716,13
50,30
1718,112
985,776
153,116
336,524
892,288
804,51
1022,179
612,30
203,203
522,292
304,327
282,74
155,298
91,207
2050,36
307,213
83,19
14,109
362,34
934,42
574,96
696,274
490,110
211,454
263,584
357,566
426,361
1560,411
104,187
70,328
3,156
96,100
1665,13
1119,635
1007,355
823,949
4,156
468,190
303,68
752,362
73,142
704,14
194,109
309,15
229,138
76,74
404,32
42,678
325,449
111,35
779,0
74,147
1127,704
127,253
224,328
1337,204
403,77
6,232
131,55
93,304
582,36
20,2
847,93
782,58
642,29
359,38
270,223
408,307
444,318
660,312
61,168
97,41
161,285
208,29
117,155
18,85
7,44
1384,1142
94,497
1156,44
724,538
292,565
1476,608
686,294
231,433
318,488
384,225
257,272
289,37
2190,448
837,47
1078,191
954,114
109,22
272,210
1273,23
637,111
197,668
1291,405
275,67
239,459
198,7
87,75
327,230
50,679
35,396
247,555
452,1100
336,56
1357,359
802,112
911,299
461,275
33,77
371,59
855,115
536,78
112,134
632,315
344,17
160,53
266,513
217,799
586,194
157,411
345,509
299,467
1698,134
362,85
54,160
41,240
1122,121
1376,79
590,117
918,18
8,145
1160,960
235,358
600,209
409,432
454,124
339,330
174,139
157,225
45,78
422,71
100,326
29,5
64,52
47,50
31,795
514,66
719,1325
809,508
554,670
1023,192
313,67
1746,150
395,624
74,651
327,64
879,455
35,87
8,250
453,105
122,56
575,182
520,35
863,57
292,146
485,379
337,817
201,73
536,660
23,44
491,230
118,779
48,281
245,1240
1121,464
195,145
800,80
55,284
814,149
458,146
9,143
734,34
556,114
893,78
258,37
681,477
202,474
532,10
403,3
74,152
586,525
77,264
237,260
199,26
60,93
11,163
1069,70
102,242
46,185
415,6
996,3
659,1144
792,141
1175,89
205,233
427,244
145,330
729,84
325,571
49,63
171,227
150,173
139,1948
40,275
1473,54
2462,591
3,70
1256,315
754,77
219,667
1614,772
303,25
368,129
156,68
135,235
111,283
37,183
241,118
993,216
1916,149
1015,121
703,159
799,28
1355,143
499,90
606,57
121,92
823,1
249,26
138,709
433,78
40,938
496,477
43,416
258,410
9,1517
745,218
184,328
847,132
967,179
14,287
443,82
1209,39
714,120
651,49
675,141
160,330
63,0
258,57
550,382
653,118
143,223
167,243
266,535
251,353
202,395
917,97
81,121
86,251
1492,309
185,140
460,22
956,357
927,75
1259,209
704,9
222,253
421,331
377,368
352,81
209,415
215,236
69,50
350,250
107,78
35,140
714,56
55,66
1812,69
22,421
742,128
331,527
330,722
443,623
786,388
11,481
138,212
93,689
23,234
122,131
43,313
1264,148
1254,124
692,218
41,177
540,213
356,84
7,529
119,153
1210,26
208,209
349,37
265,164
103,94
432,17
53,3
273,941
158,40
1016,11
106,168
101,1062
1051,270
16,349
386,364
88,105
16,288
161,74
121,318
619,60
721,23
1137,109
1036,64
823,35
609,53
322,492
506,747
498,292
748,2
126,393
111,66
193,232
241,46
142,192
45,100
34,58
14,28
237,545
558,59
857,656
363,689
3284,819
788,343
250,583
341,410
434,457
293,315
669,60
148,524
109,62
195,205
1383,123
156,34
318,235
1465,45
733,134
232,20
1521,346
383,95
273,615
229,495
133,13
385,138
164,357
76,424
311,1431
557,7
460,71
1630,461
945,136
1088,243
517,342
43,105
416,85
1169,165
674,87
321,155
744,357
424,29
212,59
221,559
88,10
338,243
51,428
193,633
160,628
2537,169
182,175
98,172
166,257
1565,140
3580,94
734,135
761,24
32,62
1324,85
332,654
677,501
459,25
513,149
363,723
215,161
323,241
85,121
518,86
1641,367
1890,17
91,60
72,69
42,586
541,92
821,19
944,30
634,33
18,220
530,83
151,170
958,685
280,847
494,80
1101,540
59,148
30,202
508,137
133,81
804,226
594,99
1200,65
497,167
560,298
417,531
261,40
464,629
53,22
675,287
144,529
70,324
280,18
1251,631
213,268
941,101
183,391
1078,169
685,166
36,164
628,42
702,125
967,107
274,20
773,647
236,1126
430,25
392,66
21,192
755,573
121,278
299,291
240,39
21,111
52,227
1744,78
127,205
56,228
566,27
1232,90
761,133
852,335
52,212
263,261
524,257
198,466
585,102
156,722
92,70
201,180
177,214
153,21
53,345
2,123
19,41
23,97
37,354
907,92
284,759
1153,953
668,39
815,148
375,50
341,350
307,329
818,229
260,225
1209,251
12,174
1522,139
837,181
978,42
1040,50
620,99
757,5
153,33
954,495
286,665
169,1434
463,167
51,14
556,648
83,443
326,622
38,12
784,248
242,350
1134,140
1391,202
25,355
474,111
1669,56
829,274
695,75
970,177
52,412
1798,6
154,65
232,443
771,137
193,250
221,330
305,688
354,453
221,516
1097,182
104,145
110,308
1779,0
226,300
575,142
794,1
4,190
1961,235
898,21
272,269
479,391
404,475
375,169
240,538
248,271
94,75
412,282
204,95
9,151
924,63
97,81
15,84
42,489
867,154
708,6
653,43
407,1126
39,495
33,597
169,171
127,998
1637,267
171,140
83,153
4,168
31,144
746,272
66,37
611,103
400,684
16,191
132,192
1676,31
272,223
478,51
310,185
149,110
535,22
89,9
294,6
174,66
1251,807
131,195
126,16
1159,335
77,300
481,393
58,113
542,323
1183,89
920,361
220,68
274,57
1272,143
1,146
952,58
688,70
366,614
542,572
583,367
634,7
175,578
159,175
311,515
276,146
197,386
68,122
55,136
23,51
255,803
637,112
1020,480
499,3
1187,1
1032,388
314,636
424,439
489,543
347,360
765,100
176,15
135,88
211,254
1195,160
381,13
675,276
61,59
867,153
293,32
19,369
459,16
324,808
358,589
160,77
432,162
194,422
90,280
335,324
631,501
392,45
21,270
57,154
1512,275
621,367
87,115
484,101
1291,297
764,116
365,68
870,426
583,14
229,86
254,842
133,15
420,258
83,503
225,845
215,8
877,180
69,198
1907,213
97,318
6,168
22,68
785,171
810,46
71,76
9,93
416,10
773,606
692,38
632,315
447,52
250,373
347,627
99,156
590,60
7,613
11,39
181,86
103,85
85,658
652,102
999,31
1178,42
796,45
40,329
604,104
234,214
1046,539
317,5
554,99
88,789
239,169
199,230
1432,193
375,89
1061,254
691,116
17,92
566,197
641,351
443,437
276,64
520,1172
77,37
871,278
182,406
220,261
352,843
3,697
272,301
724,119
200,512
1380,200
784,34
57,203
887,65
750,160
1442,117
348,27
886,881
279,9
527,37
481,105
2115,204
374,946
63,349
232,235
179,56
1502,143
63,280
0,166
181,92
91,242
701,39
1843,105
1406,152
720,357
78,249
283,744
557,415
229,38
659,239
186,96
106,155
324,207
223,227
205,26
94,390
29,143
1547,56
65,106
60,587
1067,73
390,6
1469,13
766,56
964,257
439,65
382,399
381,371
63,310
613,239
84,286
173,199
3,165
970,142
1172,65
1147,75
666,130
885,92
185,50
1,590
334,881
222,429
574,82
24,489
656,348
96,593
367,490
60,26
911,131
262,448
13,259
2377,237
56,378
582,128
11,70
1015,310
596,84
1451,244
82,476
601,843
182,91
267,539
465,164
70,468
89,416
176,935
225,218
284,613
26,207
62,168
160,330
27,6
259,256
606,178
854,21
27,287
15,5
428,123
288,770
590,13
500,514
468,182
184,663
294,309
140,161
461,226
235,125
19,190
1773,92
125,159
37,104
65,671
1057,175
843,18
839,50
351,28
68,592
269,743
433,193
333,8
130,311
187,179
97,279
26,197
52,218
962,305
153,50
725,122
345,800
56,203
182,41
12,336
291,69
543,603
355,41
229,213
564,45
114,29
365,20
231,73
2117,1
86,223
177,49
2234,354
120,338
510,508
939,148
620,381
1568,169
1085,456
235,95
293,83
419,153
503,52
216,74
318,85
450,774
669,622
663,391
681,29
192,968
189,295
351,3
314,183
44,498
101,270
100,276
2268,144
320,66
744,129
1533,561
951,66
1616,17
3,507
335,35
475,578
548,693
392,426
932,80
218,28
101,132
270,267
2796,180
443,24
23,312
87,79
58,182
584,103
156,467
1039,37
686,3
409,633
201,94
447,185
251,485
135,295
416,345
1260,607
419,60
44,317
80,183
1,182
874,242
99,62
552,74
8,318
605,134
422,83
1179,491
732,47
431,95
394,3
147,37
471,477
107,623
260,10
234,30
957,154
116,298
1228,226
143,359
857,189
1627,83
763,183
532,54
83,105
18,185
467,31
898,840
801,87
678,272
211,79
205,398
427,691
145,329
693,167
109,51
52,127
213,1037
128,173
152,2036
695,134
1240,49
1600,20
856,70
0,371
754,121
299,290
1709,590
247,18
653,117
135,956
273,284
229,283
1724,240
402,120
87,83
19,139
106,108
1812,221
1046,401
552,475
507,72
607,10
107,50
1017,526
212,481
255,396
377,12
61,360
311,248
828,90
258,388
1,226
959,48
188,218
1231,106
968,180
31,219
370,49
1063,6
321,24
564,22
511,138
15,251
460,23
107,371
365,267
334,71
18,153
37,295
1406,187
114,122
37,302
561,89
12,78
2271,191
762,450
121,278
356,876
703,450
405,53
779,269
242,112
153,307
367,7
242,576
298,132
121,311
50,167
2,81
77,137
93,740
1795,81
711,39
6,26
409,70
1379,288
496,84
435,483
407,481
75,266
691,293
109,153
204,233
224,189
80,164
206,74
113,82
841,149
1084,108
134,64
24,13
382,7
420,362
606,111
45,673
749,410
145,309
432,288
174,637
1261,63
328,247
53,291
1170,268
121,491
667,154
34,45
1229,385
629,112
1760,302
110,53
763,21
336,108
405,646
573,185
114,506
59,450
193,14
242,272
148,454
958,307
1321,208
92,416
40,126
330,274
1304,189
1151,33
54,322
43,17
370,176
365,949
830,35
526,8
524,423
217,58
338,1038
156,15
540,257
439,177
58,201
25,108
160,181
605,123
111,780
1316,205
980,2
897,75
373,52
95,820
310,3
460,241
724,21
179,350
466,189
317,296
106,225
231,249
71,357
182,53
828,155
2350,9
69,253
216,171
34,396
522,84
629,752
415,54
296,561
487,369
213,336
388,304
265,54
15,15
112,259
194,75
8,31
148,543
968,546
1327,168
729,439
57,194
883,496
300,104
364,99
441,127
564,77
251,94
365,145
115,97
280,1187
367,500
254,35
251,1815
232,337
281,15
391,195
85,881
126,230
171,341
8,182
366,86
868,840
1946,55
1024,192
21,102
41,57
420,43
496,735
640,980
482,490
1105,87
252,45
115,170
291,334
20,717
497,40
44,388
118,93
143,206
740,113
123,510
1373,51
808,14
1003,812
450,115
1025,279
512,684
292,12
466,433
1711,817
519,85
75,360
113,209
1392,195
1206,114
145,76
847,18
19,212
695,71
481,30
1324,1187
776,71
484,125
445,44
202,44
253,571
63,823
326,16
296,35
1367,175
129,337
1423,282
174,197
1010,506
5,111
811,227
735,80
9,114
1053,198
186,44
534,1
519,102
870,286
404,122
223,523
587,4
175,17
788,194
134,76
64,162
258,8
181,346
117,106
884,286
36,148
11,33
26,79
23,444
809,157
316,11
7,955
281,61
747,141
214,657
324,324
188,300
24,252
494,138
119,100
124,161
135,174
11,257
81,42
1288,643
50,99
3083,25
136,28
1351,645
157,570
320,452
463,17
105,178
531,282
1815,108
296,463
21,407
1145,33
204,191
1424,89
1189,93
73,301
313,64
525,17
397,36
707,28
993,149
44,286
488,46
133,34
409,142
379,91
78,193
49,255
2485,219
80,130
76,339
656,104
1482,94
40,263
666,489
886,346
376,101
800,597
458,71
915,316
262,92
167,383
310,18
305,627
373,186
157,959
229,357
41,188
121,278
117,192
2772,109
761,63
29,43
465,75
1630,358
510,99
535,566
504,520
122,285
1562,334
143,175
262,261
257,765
106,204
300,102
128,113
53,116
88,131
339,90
186,25
852,19
525,528
1327,121
128,922
890,470
172,16
488,336
207,950
1473,91
349,214
75,236
1500,166
170,284
790,81
897,60
72,416
796,121
25,340
142,66
818,44
384,131
462,311
609,157
185,707
82,597
253,20
310,289
187,538
31,351
9,221
137,629
1254,144
13,340
628,237
625,51
78,260
65,38
390,217
387,14
1133,109
661,15
1454,496
258,73
417,6
208,20
613,629
469,419
71,485
48,222
189,210
683,157
123,8
44,233
1486,9
32,82
459,65
126,0
364,14
398,256
842,66
196,448
639,160
357,367
131,259
266,289
105,411
435,69
145,166
163,40
270,284
341,195
2349,461
595,105
718,1
465,37
313,851
546,466
248,540
485,561
408,429
117,290
159,75
251,485
46,319
102,672
1072,842
1997,253
832,343
80,238
957,687
417,136
415,185
550,137
1036,93
295,110
448,165
164,105
237,29
393,606
84,59
15,719
4,393
35,31
86,244
682,52
177,246
340,772
45,204
543,101
1075,2
1254,63
1619,206
32,134
51,39
471,155
560,97
737,77
234,89
1518,117
460,58
163,179
365,377
50,1066
404,55
87,193
146,115
170,175
784,144
198,728
2449,70
954,73
1097,10
765,133
1553,313
637,783
689,46
708,508
199,2
1295,93
99,286
139,256
1659,242
1390,148
176,153
996,62
134,238
1169,85
559,43
10,4
662,11
563,59
513,942
233,532
291,10
89,4
450,39
318,108
2209,204
281,394
13,317
214,223
1341,613
1487,162
1083,241
947,95
18,92
480,246
220,63
610,16
551,202
476,357
235,155
122,563
394,66
216,30
829,221
186,84
106,171
293,913
197,438
132,139
1063,336
59,327
31,140
750,213
51,24
1095,312
397,88
1314,6
331,76
964,160
273,281
368,379
278,378
37,316
558,239
145,120
151,200
171,198
40,293
129,79
995,736
91,117
24,37
376,40
113,944
383,771
639,618
974,83
130,220
596,326
11,174
350,550
102,476
912,40
262,201
13,105
1761,108
86,265
358,42
599,24
422,63
1033,51
1191,186
67,333
611,53
170,48
328,163
466,106
122,262
92,271
153,249
94,167
102,403
744,190
3399,123
49,324
711,682
1248,500
331,111
572,755
375,85
772,356
331,100
339,413
334,42
326,1253
419,331
186,7
265,450
54,234
1758,240
168,206
1332,231
988,170
56,140
541,190
96,385
582,28
568,891
688,21
148,351
4,393
174,207
283,225
305,1539
73,217
372,148
177,130
205,135
212,152
425,100
218,41
993,84
1169,762
97,155
336,360
62,370
285,28
390,379
266,4
17,98
437,227
195,268
8,190
201,435
911,157
1052,16
84,273
1272,68
49,146
171,16
682,57
444,150
537,353
774,169
366,14
115,771
352,42
350,557
217,682
54,414
21,276
153,505
1746,170
1623,479
788,266
1008,65
2037,295
60,46
254,231
249,26
572,207
705,36
1,1
298,94
573,907
224,43
520,803
577,446
116,525
79,253
348,458
874,407
172,82
66,9
1831,30
94,113
522,85
154,662
409,36
419,315
1127,80
256,482
818,223
606,424
317,293
334,325
130,1113
491,88
161,209
180,66
309,229
717,95
141,616
45,122
33,13
580,45
568,1141
639,549
291,650
543,682
461,825
146,341
18,105
268,404
69,396
127,208
1764,211
21,74
1030,115
216,112
1366,788
512,155
479,207
766,174
1303,115
338,134
476,139
178,136
271,52
487,837
132,100
45,1123
160,453